"cib_id","company_name","hq_country_id","operation","operation_date"
aap-joints.com,aap Joints,DE,NEW_BATCH_MANUAL,2025-12-04
abacoadjusters.com,Abaco International Loss Adjusters,ES,NEW_BATCH,2024-12-15
abgagservices.com,ABG AG,US,NEW_BATCH_MANUAL,2025-12-04
abu-gmbh.ch,ABUplus,CH,NEW_BATCH_JENKINS,2025-11-27
abundantlivinginsurance.com,Abundant Living,US,NEW_BATCH,2024-12-22
abundantprotectionsolutions.com,Abundant Protection,US,NEW_BATCH,2024-12-22
accorda.ch,accorda Musikverlag - Edition Thöni Inhaber Steiner-Zeller,CH,NEW_BATCH_JENKINS,2025-11-27
accuvest.com,Accuvest Global Advisors,US,NEW_BATCH,2025-07-31
achermann.net,Achermann Living,CH,NEW_BATCH_JENKINS,2025-11-27
achievebio.com,AchieveBio,US,NEW_BATCH_MANUAL,2025-10-10
acuity.co,Acuity Accounting,US,NEW_BATCH,2024-12-17
aegiswealth.com,Aegis Wealth,US,NEW_BATCH,2025-08-01
afbs.ch,Verband der Auslandsbanken in der Schweiz,CH,NEW_BATCH_JENKINS,2025-11-27
afsplanning.com,Advanced Financial Strategies,US,NEW_BATCH,2024-10-01
agrodeal.ch,agrodeal,CH,NEW_BATCH_JENKINS,2025-11-27
aimamba.com,Hubei Imamba Biotechnology,CN,NEW_BATCH_MANUAL,2025-10-10
aircraftinsurance.net,Packer & Assoc,US,NEW_BATCH,2025-01-13
alarm-tec.de,ALARM-TEC Gesellschaft für Sicherheitstechnik,DE,NEW_BATCH_MANUAL,2026-01-09
alatiyahinv.com,Alatiyah Investment,SA,NEW_BATCH,2024-11-25
albisrestaurant.ch,Marc Spiess Restaurant Albis,CH,NEW_BATCH_JENKINS,2025-11-27
albrn.webnode.page,Albrn Care,IN,NEW_BATCH_MANUAL,2025-10-10
algieba-treuhand.ch,Algieba Treuhand,CH,NEW_BATCH_JENKINS,2025-11-27
alieschconsulting.ch,Kirchesch Consulting,CH,NEW_BATCH_JENKINS,2025-11-27
alioth.group,Alioth,PL,NEW_BATCH,2024-11-25
aljenam.com,Aljen Asset Management,US,NEW_BATCH,2025-08-01
allositetx.com,Allosite Therapeutics,US,NEW_BATCH_MANUAL,2025-10-10
almon.in,Almon Healthcare,IN,NEW_BATCH_MANUAL,2025-10-10
alogra.ch,Alogra Software & Informatik,CH,NEW_BATCH_JENKINS,2025-11-27
altiushospital.com,Altius Hopsital,IN,NEW_BATCH_MANUAL,2025-10-10
amando-sozialmanagement.de,Amando Sozialmanagement,DE,NEW_BATCH_MANUAL,2025-12-10
ambienteverde.ch,ambienteverde,CH,NEW_BATCH_JENKINS,2025-11-27
amcovet-maroc.com,Amcovet Egypt,MA,NEW_BATCH_MANUAL,2025-10-10
americansleepdentistry.com,AMERICAN SLEEP DENTISTRY,US,NEW_BATCH_MANUAL,2025-12-04
amerisourcebergen.com,Medasource,US,NEW_BATCH_MANUAL,2025-12-04
amgroupnepal.com,AM GROUP,NP,NEW_BATCH_MANUAL,2025-10-10
ammann-luperdi.de,Ammann-Luperdi,DE,NEW_BATCH_MANUAL,2025-12-04
amrein-ag.ch,Amrein,CH,NEW_BATCH_JENKINS,2025-11-26
anateresafernandez.com,Teresa Fernandez,US,NEW_BATCH_MANUAL,2025-10-09
angelogordon.com,"Angelo, Gordon and Co.",US,NEW_BATCH,2024-10-01
anna-deco.ch,Boutique Anna,CH,NEW_BATCH_JENKINS,2025-11-28
annemarie-leibundgut.ch,Annemarie Leibundgut Coaching & Beratung,CH,NEW_BATCH_JENKINS,2025-11-27
antaresfid.com,Antares Fiduciaria,CH,NEW_BATCH_JENKINS,2025-11-27
aperohcatering.ch,apéroh Silvia Rellstab,CH,NEW_BATCH_JENKINS,2025-11-27
apotheke-am-torturm.de,Apotheke am Torturm,DE,NEW_BATCH_MANUAL,2025-10-10
apotheke-katharinenhof.de,Apotheke Am Katharinenhof,DE,NEW_BATCH_MANUAL,2025-10-10
aquaform.ch,Aquaform,CH,NEW_BATCH_JENKINS,2025-11-27
aquapol.it,Aquapol West Europe,MC,NEW_BATCH_MANUAL,2025-10-10
aquasyn.com,Aquasyn,US,NEW_BATCH_MANUAL,2025-10-10
aragen.com,Aragen,US,NEW_BATCH_MANUAL,2025-12-04
arasetherapeutics.com,ARase Therapeutics,US,NEW_BATCH_MANUAL,2025-10-10
arboretum.bio,Arboretum LifeSciences,US,NEW_BATCH_MANUAL,2025-10-10
archbaum.ch,Archbaum Management,CH,NEW_BATCH_JENKINS,2025-11-28
archerresearch.eu,Archer Research,BE,NEW_BATCH,2025-07-07
archhoefe-textil.ch,Archhöfe Textilreinigung & Schneiderei,CH,NEW_BATCH_JENKINS,2025-11-27
ardival.ch,ARDIVAL,CH,NEW_BATCH_JENKINS,2025-11-27
a-reinhard.ch,Arvag,CH,NEW_BATCH_JENKINS,2025-11-27
arola-alfred-rochat.ch,Alfred Rochat & Fils,CH,NEW_BATCH_JENKINS,2025-11-27
arte-danza.ch,Tanzstudio ARTE-DANZA,CH,NEW_BATCH_JENKINS,2025-11-27
artlesswealth.com,Artless Wealth,GB,NEW_BATCH_MANUAL,2025-12-09
arvi.ch,Ravin de la Veraye,CH,NEW_BATCH_JENKINS,2025-11-27
arztpraxis-ilic.ch,Arztpraxis Dr. Ilic AG,CH,NEW_BATCH_MANUAL,2025-11-18
asens-guardian.com,ASENS,ES,NEW_BATCH_MANUAL,2025-12-04
asesordeinversiones.com,Asesordeinversiones.Com,VG,NEW_BATCH,2025-08-05
ashleypharmatech.in,Ashley Pharmatech,IN,NEW_BATCH_MANUAL,2025-10-10
assisteffano.it,STEFFANO GROUP,IT,NEW_BATCH_DATAQA,2026-01-04
astenis.ch,Astenis,CH,NEW_BATCH_JENKINS,2025-11-27
atelier-dichiara.ch,Di Chiara Atelier Mécanique,CH,NEW_BATCH_JENKINS,2025-11-27
atomos.co.uk,Atomos,GB,NEW_BATCH,2025-06-24
audite-gmbh.de,AUDITE Treuhand,DE,NEW_BATCH,2025-06-24
augenklinik-wettingen.ch,Chirurgie Wettingen,CH,NEW_BATCH_JENKINS,2025-11-27
augenoptik-karwath.de,Augenoptik Karwath,DE,NEW_BATCH,2025-02-26
augustinmon.ch,Treuhand Marius Augustin,CH,NEW_BATCH_JENKINS,2025-11-27
austerepharma.in,Austere Pharmaceuticals,IN,NEW_BATCH_MANUAL,2025-10-10
austintaylorinsurance.com,Austin Taylor,US,NEW_BATCH,2024-11-26
automobile-wohlensee.ch,Automobile Wohlensee,CH,NEW_BATCH_JENKINS,2025-11-27
autorosenberg.ch,Auto Rosenberg,CH,NEW_BATCH_JENKINS,2025-11-27
auto-stieger.ch,Auto A. Stieger,CH,NEW_BATCH_JENKINS,2025-11-27
autowerk-ruchti.ch,Autowerk Ruchti,CH,NEW_BATCH_JENKINS,2025-11-27
avatar-moving.com,Avatar Relocation,US,NEW_BATCH_MANUAL,2025-10-10
avenuechemists.com,AVENUE CHEMISTS,US,NEW_BATCH_MANUAL,2025-10-10
avertamain.ch,Verein Avertamain,CH,NEW_BATCH_JENKINS,2025-11-27
ayalainsurance.com,Ayala Insurance,US,NEW_BATCH,2024-12-24
baconchevrolet.net,Bacon,US,NEW_BATCH,2024-12-24
badzauber.com,Schneider Buescher,DE,NEW_BATCH_DATAQA,2025-12-06
baeckerei-schmidt.de,Bäckerei Schmidt,DE,NEW_BATCH,2025-03-14
baeumers.de,Baeumers Wirkungsgrad,DE,NEW_BATCH_DATAQA,2025-11-18
baffanobrokers.com,Baffano Brokers Group,US,NEW_BATCH,2024-11-26
bagger-zueger.ch,Bagger Züger,CH,NEW_BATCH_JENKINS,2025-11-27
bam.com,BAM Industrie,NL,NEW_BATCH_MANUAL,2025-12-08
bannalp.ch,Luftseilbahn Fell-Chrüzhütte (LFCh),CH,NEW_BATCH_JENKINS,2025-11-27
barbellperformance.ch,Barbell Performance,CH,NEW_BATCH_JENKINS,2025-11-27
barkerpoland.co.uk,Barker Poland Asset Management,GB,NEW_BATCH,2024-10-18
basaltec.ch,Basaltec,CH,NEW_BATCH_JENKINS,2025-11-27
basf.ch,BASF Schweiz AG,CH,NEW_BATCH_MANUAL,2025-11-18
bauadvisors.com,Bau Advisors,US,NEW_BATCH,2025-07-31
bauer-baumschulen.ch,Theo Bauer,CH,NEW_BATCH_JENKINS,2025-11-27
baukanzlei.org,SW Bau- + Architektur,CH,NEW_BATCH_JENKINS,2025-11-27
baumgartner.grienschgl.at,Baumgartner & Grienschgl,AT,NEW_BATCH_DATAQA,2025-10-20
bauschmidt.haus,Bau Schmidt,DE,NEW_BATCH_DATAQA,2025-12-16
bayoocare.com,BAYOOCARE,DE,NEW_BATCH_MANUAL,2025-12-09
bdmanagement.ch,Business & Digitalization Management,CH,NEW_BATCH_JENKINS,2025-11-27
bealemarine.com,Beale Marine,US,NEW_BATCH,2024-12-24
beaulieu.ch,CINIQUE GENERALE BEAULIEU,CH,NEW_BATCH_MANUAL,2025-11-18
beautycave.in,Beauty Cave Cosmetics,IN,NEW_BATCH_MANUAL,2025-10-10
begra-herne.de,BE.GRA Steuerberatungsgesellschaft,DE,NEW_BATCH,2025-06-24
benefirstsolutions.com,Benefirst,US,NEW_BATCH,2024-12-27
benewmedical.fr,LABORATOIRE BENEWMEDICAL,FR,NEW_BATCH_DATAQA,2025-11-28
benjaminbarakat.com,Barakat Photography,CH,NEW_BATCH_JENKINS,2025-11-28
bergerbau.ch,BERGER GERÜSTBAU,CH,NEW_BATCH_JENKINS,2025-11-27
bernardi.ch,Bernardi & Co.,CH,NEW_BATCH_JENKINS,2025-11-27
bernardo-coffee.ch,Bernardo,CH,NEW_BATCH_JENKINS,2025-11-27
bernaroof.ch,Bernaroof,CH,NEW_BATCH_JENKINS,2025-11-27
bernerbewegung.ch,Andreas Berger Filmproduktion,CH,NEW_BATCH_JENKINS,2025-11-28
bessergipsen.ch,Gipsergeschäft Hamacher & Rüegg,CH,NEW_BATCH_JENKINS,2025-11-27
betz-technik.de,Herbert Betz,DE,NEW_BATCH_DATAQA,2025-11-08
bgbasel.ch,Max Fäh,CH,NEW_BATCH_JENKINS,2025-11-27
bienkowski.czest.pl,Hurtownia Farmaceutyczna mgr farm. J. Bienkowski,PL,NEW_BATCH_MANUAL,2025-10-10
bikeuncle.ch,Brühwiler Christian Bikeuncle,CH,NEW_BATCH_JENKINS,2025-11-27
biogenericpharma.com,BGP,EG,NEW_BATCH_MANUAL,2025-10-10
biolog-heppe.de,BioLog Biotechnologie Und Logistik,DE,NEW_BATCH_MANUAL,2025-10-10
biomarine.bio,BioMarine Laboratories,ES,NEW_BATCH_MANUAL,2025-10-10
biover.com,Biover,BE,NEW_BATCH_MANUAL,2025-10-10
birindelli.com,BIRINDELLI AUTO,IT,NEW_BATCH,2025-06-24
blaesi-motos.ch,Bläsi-Motos,CH,NEW_BATCH_JENKINS,2025-11-27
blechrollerbox.ch,Blechrollerbox Katz,CH,NEW_BATCH_JENKINS,2025-11-27
bluemechaeller.de,"floristica, flower inspirations Petra Vogt",CH,NEW_BATCH_JENKINS,2025-11-27
bluemeria.ch,Bluemeria Nina Linder,CH,NEW_BATCH_JENKINS,2025-11-27
bluemilk.ch,BlueMilk Studio,CH,NEW_BATCH_JENKINS,2025-11-27
blutest.com,BluTest Laboratories,GB,NEW_BATCH_MANUAL,2025-10-10
bnzk.ch,bnzk,CH,NEW_BATCH_JENKINS,2025-11-28
bodensee-zahnarzt.de,Zahnarztpraxis Kalker König,DE,NEW_BATCH_JENKINS,2025-12-02
boeck-kabelpflug.de,Böck Kabel- und RohrPflug,DE,NEW_BATCH,2025-08-01
boesl-med.de,BÖSL Medizintechnik,DE,NEW_BATCH_MANUAL,2025-12-04
bonnsmile.de,BonnSmile,DE,NEW_BATCH_JENKINS,2025-12-02
boutiquemyown.ch,My Own Womenswear - Kappeler,CH,NEW_BATCH_JENKINS,2025-11-27
bowsidecapital.com,Bowside Capital,US,NEW_BATCH,2025-08-02
bplmedicaltechnologies.com,BPL MEDICAL TECHNOLOGIES,IN,NEW_BATCH_MANUAL,2025-12-04
brambles.com,Brambles,GB,NEW_BATCH_DATAQA,2025-11-03
brandcenterusa.com,"CB Brand Strategies, Wilmington, Delaware, USA, Zweigniederlassung Zug",CH,NEW_BATCH_JENKINS,2025-11-27
braveport.com,Braveport,US,NEW_BATCH,2024-12-26
bremer-immobilien.de,Bremer Immobilien,DE,NEW_BATCH,2024-11-26
bremerproaqua.de,Bremer pro aqua Wasser- u. Abwassertechnik,DE,NEW_BATCH_DATAQA,2025-10-29
bridgespecialtygroup.com,Bridge Specialty Group,US,NEW_BATCH,2024-12-15
brioche.lu,Baeckerei Café Brioche,CH,NEW_BATCH,2025-02-03
britecyte.com,Britecyte,US,NEW_BATCH_MANUAL,2025-10-10
brothandgemacht.de,Bäcker Becker Ihn. Christian Peter Brück,DE,NEW_BATCH,2025-07-03
bruinbiometrics.com,Bruin Biometrics,US,NEW_BATCH_MANUAL,2025-12-04
bsgco.com,BSG,US,NEW_BATCH,2024-11-27
buchalik-broemmekamp.de,Buchalik Broemmekamp,DE,NEW_BATCH,2024-11-27
buchhandlung-amkronenplatz.ch,Buchhandlung am Kronenplatz,CH,NEW_BATCH_JENKINS,2025-11-27
buechel-schreinerei.ch,Felix Büchel Designwerkstatt,CH,NEW_BATCH_JENKINS,2025-11-27
bundiundbundi.ch,bundi und bundi,CH,NEW_BATCH_JENKINS,2025-11-27
burkhalter-elektro.ch,Burkhalter Elektro Linden,CH,NEW_BATCH_JENKINS,2025-11-28
burkhardtag.ch,Burkhardt Gebäudehülle,CH,NEW_BATCH_JENKINS,2025-11-27
bwa-steuerberatung.de,BWA Steuerberatungsgesellschaft,DE,NEW_BATCH,2025-06-24
caat.ch,CABINET MEDICAL JEANNET PETER NATHALIE,CH,NEW_BATCH_MANUAL,2025-11-18
calonder-blumen.ch,Blumen Calonder,CH,NEW_BATCH_JENKINS,2025-11-27
camarco.co.uk,Camarco,GB,NEW_BATCH,2024-11-26
campus-nes.de,Palliativstation Rhön-Klinikum Campus Bad Neustadt,DE,NEW_BATCH,2025-07-17
capricedutemps.com,Cave caprice du temps CLAVIEN,CH,NEW_BATCH_JENKINS,2025-11-27
capricorncapital.nl,Capricorn Capital,NL,MIGRATION,2024-09-29
caritas-castrop-rauxel.de,Ambulanter Hospizdienst Castrop-Rauxel,DE,NEW_BATCH_DATAQA,2025-10-19
carlosweiss.de,Carlos Weiss,DE,NEW_BATCH,2025-03-22
carronexcursions.ch,CARRON EXCURSIONS,CH,NEW_BATCH_JENKINS,2025-11-27
caryouneed.ch,CarYouNeed,CH,NEW_BATCH_JENKINS,2025-11-27
casa-cattai.ch,casa cattai malerhandwerk gebäudeunterhalt,CH,NEW_BATCH_JENKINS,2025-11-27
catherinebennettaca.co.uk,Catherine Bennett,GB,NEW_BATCH_DATAQA,2025-11-04
cbiholdings.com,Cbi Holdings,US,NEW_BATCH,2024-12-30
cefadvisors.com,Closed-End Fund Advisors,US,NEW_BATCH,2024-10-01
cellomaticsbio.com,Cellomatics Bioscience,GB,NEW_BATCH_MANUAL,2025-12-04
cepsa.ch,CEP SA Gestion de Fortune,CH,NEW_BATCH_JENKINS,2025-11-27
certifid.com,Certifid,US,NEW_BATCH,2024-12-30
cesag.ch,BARGEO-Projektmanagement,CH,NEW_BATCH_JENKINS,2025-11-27
cfm.com,CAPITAL FUND MANAGEMENT,GB,NEW_BATCH_MANUAL,2025-12-09
cfosim.com,cfo insurance brokers,IT,NEW_BATCH_DATAQA,2026-01-04
change-coaching-gmbh.ch,Change Coaching,CH,NEW_BATCH_JENKINS,2025-11-26
channelcapital.io,Channel Capital Advisors,GB,NEW_BATCH_MANUAL,2025-12-09
cheynecapital.com,Cheyne Capital Management,GB,NEW_BATCH_MANUAL,2025-12-09
chiveda.ch,ChiVeda - Janine Breetz,CH,NEW_BATCH_JENKINS,2025-11-27
ch.ompharma.com,Chiesi,CH,NEW_BATCH_JENKINS,2025-11-27
chromacode.com,ChromaCode,US,NEW_BATCH_MANUAL,2025-10-10
ciacardetailing.ch,CABALAS C.I.A CAR DETAILING & SPA,CH,NEW_BATCH_JENKINS,2025-11-27
cifc.co.uk,CIFC Asset Management Europe,GB,NEW_BATCH_MANUAL,2025-12-09
circlebio.nl,Circle Bio,NL,NEW_BATCH_MANUAL,2025-10-10
cityelectro.ch,City Electro,CH,NEW_BATCH_JENKINS,2025-11-27
claremontbusinessgroup.com,Claremont Business Group,US,NEW_BATCH,2024-12-30
cleftalign.com,CleftAlign,US,NEW_BATCH_MANUAL,2025-12-04
cmc-luzern.ch,CMC Carola Minder Communications,CH,NEW_BATCH_JENKINS,2025-11-28
colarionpartners.com,Colarion,US,NEW_BATCH,2024-10-01
coles.kennesaw.edu,KSU Student Managed Investment Fund,US,NEW_BATCH,2024-11-25
concordebrokerage.com,Concorde Brokerage,US,NEW_BATCH,2024-12-28
confiserie-braendli.ch,Confiserie Tea Room Brändli,CH,NEW_BATCH_JENKINS,2025-11-27
consonance.tech,Consonance,PL,NEW_BATCH_MANUAL,2025-12-04
controlware.de,Controlware,DE,MIGRATION,2024-09-29
cosmetics-therapie.ch,Steiner Cosmetic & Therapie,CH,NEW_BATCH_JENKINS,2025-11-27
cptu.org.uk,Cancer Research,GB,NEW_BATCH_MANUAL,2025-12-04
credit-suisse.com,Credit Suisse,US,MIGRATION,2024-09-29
cresilon.com,Cresilon,US,NEW_BATCH_MANUAL,2025-10-10
crichtoninsurance.com,Crichton Insurance,JM,NEW_BATCH,2024-11-26
crisam.pe,Crisam Import,,NEW_BATCH_MANUAL,2025-10-10
csvm.ch,Center da sandà Val Müstair,CH,NEW_BATCH_MANUAL,2025-11-18
cutlerandgross.com,Cutler and Gross,GB,NEW_BATCH_DATAQA,2025-12-11
dabpharmservice.com,DAB Pharmservice,,NEW_BATCH_MANUAL,2025-10-10
daneopartners.ch,Daneo Partners,CH,NEW_BATCH_JENKINS,2025-11-27
das-frisurenteam.de,das frisurenTeam,DE,NEW_BATCH,2025-07-03
das-ladenlokal.ch,das Ladenlokal - glanzlos Andrea Wicki Bormann,CH,NEW_BATCH_JENKINS,2025-11-27
dastaggenberg.ch,Nico Management,CH,NEW_BATCH_JENKINS,2025-11-27
data-tiefbau.de,Data Tiefbau,DE,NEW_BATCH,2025-08-12
davisprivatewealth.com,Davis Private Wealth,US,NEW_BATCH,2025-08-12
dbo-treuhand.ch,DBO Treuhand,CH,NEW_BATCH_JENKINS,2025-11-27
dec-systemes.ch,DEC Solutions,CH,NEW_BATCH_JENKINS,2025-11-27
dectris.com,DECTRIS,CH,NEW_BATCH_JENKINS,2025-11-27
delmesefischer.ch,Del Mese-Fischer Galerie & Verlag,CH,NEW_BATCH_JENKINS,2025-11-28
demharter-partner.de,Demharter & Partner Wirtschaftsprüfer Steuerberater Rechtsanwalt,DE,NEW_BATCH,2025-06-24
demoteks.web.tr,Demoteks Medikal Tekstil,TR,NEW_BATCH_MANUAL,2025-12-04
denmarkpharma.com,DEN MARK PHARMACEUTICALS,IN,NEW_BATCH_MANUAL,2025-10-10
design-management.ch,DeSign Management,CH,NEW_BATCH_JENKINS,2025-11-27
dgr-wpg.de,DGR Deutsche Genossenschafts-Revision,DE,NEW_BATCH,2025-06-24
diakoneo.de,SAPV Schwäbisch Hall - Hohenlohe,DE,NEW_BATCH_MANUAL,2025-10-20
diakonie-gotha.de,Diakoniewerk Gotha gGmbH  Betreutes Jugendwohnen Haus Bergallee,DE,NEW_BATCH_MANUAL,2025-12-11
diaverum.com,Diaverum,SE,NEW_BATCH,2025-02-16
diemundgesundheitspraxis.de,Zahnarztpraxis Brit Janke,DE,NEW_BATCH_JENKINS,2025-12-01
diepolsterin.ch,"Die Polsterin, Claudia Bremser",CH,NEW_BATCH_JENKINS,2025-11-27
dietrich-architekten.ch,dietrich-architekten,CH,NEW_BATCH_JENKINS,2025-11-27
dil.ch,dil Kälin,CH,NEW_BATCH_JENKINS,2025-11-27
dimaitalia.com,Dima Italia,IT,NEW_BATCH_MANUAL,2025-12-04
dimax.ch,DIMAX Ch. Brand,CH,NEW_BATCH_JENKINS,2025-11-27
dinlokaleklinik.dk,Din lokale høreklinik,DK,NEW_BATCH_MANUAL,2025-10-10
direktkurier.ch,Rezid,CH,NEW_BATCH_JENKINS,2025-11-28
dms.swiss,DMS Schnee,CH,NEW_BATCH_JENKINS,2025-11-27
dock8.ch,Dock8,CH,NEW_BATCH_JENKINS,2025-11-27
domaine-chiquet.ch,Domaine Chiquet,CH,NEW_BATCH_JENKINS,2025-11-27
dorfgarage-killwangen.ch,Dorfgarage Top Car,CH,NEW_BATCH_JENKINS,2025-11-27
downlineinsurance.com,Downline Insurance Group,US,NEW_BATCH,2025-01-03
drbasten.de,"Praxis Dr. med. dent. , M. S. D. (USA) Christoph H. -J. Basten",DE,NEW_BATCH_JENKINS,2025-12-02
drbauer-co.de,Dr. Bauer & Co.,AT,MIGRATION,2024-09-29
dr-behm.de,Zahnarztpraxis Dr. Behm,DE,NEW_BATCH_JENKINS,2025-12-01
dr-berit-rau.de,Dr. Berit Rau,DE,NEW_BATCH_JENKINS,2025-12-01
dreh-gmbh.ch,dreh,CH,NEW_BATCH_JENKINS,2025-11-27
dr-hennecke-nitsche.de,Zahnarzt Praxis Dr. Hennecke-Nitsche & Partner,DE,NEW_BATCH_JENKINS,2025-12-01
dr-huelsmann.net,Praxis Dr. Philipp Hülsmann,DE,NEW_BATCH_JENKINS,2025-12-01
drivecure.in,Drivecure Healthcare,,NEW_BATCH_MANUAL,2025-10-10
dr.liebensohn.de,Dr. Evgeniy Liebensohn,DE,NEW_BATCH_JENKINS,2025-12-01
drogerie-studer.ch,Drogerie Studer,CH,NEW_BATCH_JENKINS,2025-11-27
dr-schemel.de,Zahnarztpraxis Dr. W. Schemel Und M. Elisabeth Schemel In Freiburg,DE,NEW_BATCH_JENKINS,2025-12-02
drspies.de,Zahnarztpraxis Dr. Spies,DE,NEW_BATCH_JENKINS,2025-12-02
dr-stermann.de,Dr. Dr. Werner Stermann,DE,NEW_BATCH_JENKINS,2025-12-01
dr-weigel-whv.de,Praxis Dr. Weigel,DE,NEW_BATCH_JENKINS,2025-12-02
ds-deutsche-steuerberatung.de,DS Deutsche Steuerberatungsgesellschaft,DE,NEW_BATCH,2025-06-24
dt-consulting.com,DT Consulting,GB,NEW_BATCH,2025-07-08
durynek-stake.de,Dr. Durynek & Dr. Stake,DE,NEW_BATCH_JENKINS,2025-12-01
dusucre-macarons.de,dusucre Macarons,DE,NEW_BATCH,2025-07-03
earthoptics.com,Earthoptics,,NEW_BATCH_MANUAL,2025-10-10
eastexinsurance.com,Eastex,US,NEW_BATCH,2025-01-02
eatpac.ch,EATPAC,CH,NEW_BATCH_JENKINS,2025-11-27
eberhard-gartenpflege.ch,Eberhard Gartenpflege,CH,NEW_BATCH_JENKINS,2025-11-27
ecoblast.ch,EcoBlast Palumbo,CH,NEW_BATCH_JENKINS,2025-11-27
ecopio.com,Wuhan Eco Pioneer Technology,CN,NEW_BATCH_MANUAL,2025-10-10
ecosand.ch,ECOSAND SABLAGE - DE SOUSA FONSECA,CH,NEW_BATCH_JENKINS,2025-11-27
egica.ch,Egica,CH,NEW_BATCH_JENKINS,2025-11-27
eisenhorn.com,EISENHORN,CH,NEW_BATCH_JENKINS,2025-11-28
elektro-adelmann.de,Adelmann Sicherheitstechnik,DE,NEW_BATCH_MANUAL,2026-01-09
elektro-schlecker.de,M. u. W. Schlecker Elektrische Anlagen,DE,NEW_BATCH_DATAQA,2025-10-29
eliascoiffeur.ch,Elias Coiffeur,CH,NEW_BATCH_JENKINS,2025-11-27
elixirbiz.com,Elixir Business Solution,IN,NEW_BATCH,2025-06-24
emmentaler-pizza-kebap.ch,Emmentaler Pizza & Kebab Hamo Aras,CH,NEW_BATCH_JENKINS,2025-11-27
empiristat.com,EmpiriStat,US,NEW_BATCH_MANUAL,2025-12-04
enaba.ch,ENABA,CH,NEW_BATCH_JENKINS,2025-11-27
energieberatung-steichele.de,Steichele GmbH & Co. KG - Ing.-Büro für Energieberatung,DE,NEW_BATCH_DATAQA,2025-11-21
energoflow.com,Energoflow,CH,NEW_BATCH_JENKINS,2025-11-28
en.towardpi.com,TowardPi (Shanghai) Medical Technology,CN,NEW_BATCH_MANUAL,2025-12-04
envasachet.cl,ENVASACHET,CL,NEW_BATCH_MANUAL,2025-10-10
envirochemie.com,EnviroChemie,CH,NEW_BATCH_JENKINS,2025-11-27
erdi.ch,ERDI Coiffeur Fetahu,CH,NEW_BATCH_JENKINS,2025-11-27
erfahrungsstark.com,Erfahrungsstark Andrea Neubauer,CH,NEW_BATCH_JENKINS,2025-11-27
ermatingen.ch,KU7,CH,NEW_BATCH_JENKINS,2025-11-27
erosworld.ch,Maro Groupe,CH,NEW_BATCH_JENKINS,2025-11-27
eryse.ch,Eryse,CH,NEW_BATCH_JENKINS,2025-11-28
es.calibrescientific.com,CALIBRE SCIENTIFIC SPAIN,ES,NEW_BATCH_MANUAL,2025-12-04
espoir-verlag.ch,Espoir Verlag und Reisen,CH,NEW_BATCH_JENKINS,2025-11-27
estragenpharma.com,ESTRAGEN PHARMA,IN,NEW_BATCH_MANUAL,2025-10-10
etm-gmbh.ch,ETM,CH,NEW_BATCH_JENKINS,2025-11-27
exertusfinancialpartners.com,Exertus,US,NEW_BATCH,2024-12-15
ext.vt.edu,Va Cooperative Extension,US,NEW_BATCH_MANUAL,2025-10-10
fairfieldstax.co.uk,Fairfields Tax,GB,NEW_BATCH,2025-06-24
familiengarten-zollikofen.ch,Familiengartengenossenschaft Zollikofen,CH,NEW_BATCH_JENKINS,2025-11-27
famillechapuisat.ch,Société coopérative de laiterie d'Aclens,CH,NEW_BATCH_JENKINS,2025-11-27
fapa-ag.ch,FAPA,CH,NEW_BATCH_JENKINS,2025-11-27
farben-mueller.ch,Farben Müller,CH,NEW_BATCH_JENKINS,2025-11-28
felixmartin.ch,felix martin Hi-Fi und Video Studios,CH,NEW_BATCH_JENKINS,2025-11-27
feratitransporte.ch,Ferati Transporte,CH,NEW_BATCH_JENKINS,2025-11-26
fg-bueroservice.ch,"FG-Büroservice, Fabio Gruosso",CH,NEW_BATCH_JENKINS,2025-11-27
fianostics.at,FIANOSTICS,AT,NEW_BATCH_MANUAL,2025-12-04
fideliatreuhand.ch,GA Holding,CH,NEW_BATCH_JENKINS,2025-11-28
fidelisins.com,Fidelis,US,NEW_BATCH,2024-12-29
fidesexperta.ch,Fides Experta,CH,NEW_BATCH,2025-09-08
fidz.ch,fidz,CH,NEW_BATCH,2025-09-08
finn-insurance.com,Finn Insurance,US,NEW_BATCH,2024-12-30
firehouseins.com,Firehouse Insurance,US,NEW_BATCH,2024-12-30
firmensitzschweiz.de,Yigit Onat,CH,NEW_BATCH_JENKINS,2025-11-27
firstance.com,Firstance,FI,NEW_BATCH,2024-11-26
firstaztitle.com,First Arizona Title Agency,US,NEW_BATCH,2024-12-15
firstdirect.ch,First Direct,CH,NEW_BATCH_JENKINS,2025-11-27
flaach.ch,"Badi Kiosk Oerlingen, Vanessa Wepfer",CH,NEW_BATCH_JENKINS,2025-11-27
flatrockglobal.com,Flat Rock Global,US,NEW_BATCH,2024-10-01
flexipers.ch,"Flexipers, Inhaberin Eufemia Stadler",CH,NEW_BATCH_JENKINS,2025-11-27
floeck-gartenbau.ch,Flöck Gartenbau,CH,NEW_BATCH_JENKINS,2025-11-27
floessertreuhand.ch,Dr. Flösser Treuhand,CH,NEW_BATCH_JENKINS,2025-11-27
floralnote.ch,Floral Note,CH,NEW_BATCH_JENKINS,2025-11-27
fondue-burg.com,Hotel Burg Hospental,CH,NEW_BATCH_JENKINS,2025-11-27
foracare.ch,ForaCare,CH,NEW_BATCH_MANUAL,2025-12-04
formulationexperts.com,Formulation Experts,US,NEW_BATCH_MANUAL,2025-10-10
fortador.swiss,Steam Club,CH,NEW_BATCH_JENKINS,2025-11-27
forumtfi.pl,FORUM,PL,NEW_BATCH,2024-10-23
foxmain.com,Foxmain Associates,GB,NEW_BATCH,2025-06-24
foyer-handicap.ch,Fondation Foyer-Handicap,CH,NEW_BATCH_MANUAL,2025-11-18
fpassociatesltd.co.uk,FP Associates,GB,NEW_BATCH_DATAQA,2025-10-31
fraktala.ch,FRAKTALA,CH,NEW_BATCH_JENKINS,2025-11-28
fricke-augenoptik.de,Augenoptik Fricke,DE,NEW_BATCH,2025-02-26
frieda.org,Frieda - die feministische Friedensorganisation,CH,NEW_BATCH_JENKINS,2025-11-27
friedliofenbau.ch,Rolf Friedli Ofenbau,CH,NEW_BATCH_JENKINS,2025-11-27
friendlypawspetresort.com,Friendly Paws,US,NEW_BATCH_MANUAL,2025-10-10
friseur-ausderwieschen.de,Aus der Wieschen,DE,NEW_BATCH,2025-07-03
friseurxtreme.de,Friseur X-TREME,DE,NEW_BATCH,2025-07-03
fromufoot.com,SHANDONG ESP HEALTHCARE,CN,NEW_BATCH_MANUAL,2025-12-08
frontierdevices.com,FOLSOM METAL PRODUCTS,US,NEW_BATCH_MANUAL,2025-12-04
fuerst-und-kreitsch.de,Fuerst Kreitsch & Coll. Steuerberatungsgesellschaft,DE,NEW_BATCH,2025-06-24
functiomed.ch,functiomed GmbH,CH,NEW_BATCH_MANUAL,2025-11-18
futtermittelmarkt.com,Futtermittelmarkt,DE,NEW_BATCH,2025-03-08
futuraluce.ch,"futuraluce, Licht und Design, Roberto Albasini",CH,NEW_BATCH_JENKINS,2025-11-27
futureofoliveoil.org,Olive Oil Network,CH,NEW_BATCH_JENKINS,2025-11-27
g3medical.nl,EmdaMed,NL,NEW_BATCH_DATAQA,2025-12-13
galledia-event.ch,Galledia Event,CH,NEW_BATCH_JENKINS,2025-11-27
garagefasel.ch,Fasel Holding,CH,NEW_BATCH_JENKINS,2025-11-27
garagemarenghi.ch,GARAGE AUTO-PERFORMANCE,CH,NEW_BATCH_JENKINS,2025-11-27
garagescheuren.ch,Garage Scheuren,CH,NEW_BATCH_JENKINS,2025-11-27
gastrobrodard.ch,Broder Gastro,CH,NEW_BATCH_JENKINS,2025-11-28
gastrosurance.de,GastroSurance,DE,NEW_BATCH,2024-11-26
gavrilovic.ch,Gavrilovic,CH,NEW_BATCH_JENKINS,2025-11-28
gb-tech.ch,GB-Tech,CH,NEW_BATCH_JENKINS,2025-11-27
gehring-partner.de,Gehring & Partner,DE,NEW_BATCH,2025-06-24
genetec.com,TOP Gene Technologies,CA,NEW_BATCH_MANUAL,2025-12-04
genoverde.com,Genoverde Biosciences,US,NEW_BATCH_MANUAL,2025-10-10
geo4me.ch,Bureau technique GéoDranse,CH,NEW_BATCH_JENKINS,2025-11-27
ghpartner.de,Guerdan Hatzel & Partner Wirtschaftsprüfer  Steuerberater,DE,NEW_BATCH,2025-06-24
giammarino.ch,Giammarino & Fils,CH,NEW_BATCH_JENKINS,2025-11-27
glasmax.ch,glasMax,CH,NEW_BATCH_JENKINS,2025-11-27
gleetopia.com,Gleetopia,US,NEW_BATCH,2025-01-04
g-leu.ch,Gerhard Leu,CH,NEW_BATCH_JENKINS,2025-11-28
globalpatentsolutions.com,Biotech - Healthcare - Life Sciences,US,NEW_BATCH_MANUAL,2025-10-10
glslab.com,Great Lakes Scientific,US,NEW_BATCH_MANUAL,2025-12-09
gm7comptabilite.ch,GM7 Comptabilité & Assurances,CH,NEW_BATCH_JENKINS,2025-11-28
gms.ca,GMS,CA,NEW_BATCH,2025-06-24
gngoodnutrition.com,GN Good Nutrition,MY,NEW_BATCH_MANUAL,2025-10-10
goldenberg-immobilien.ch,Goldenberg Immobilien,CH,NEW_BATCH_JENKINS,2025-11-27
goldenwealthmgmt.com,Golden Wealth,US,NEW_BATCH,2025-01-04
goldstarmed.com,Goldstar Medical Instruments,PK,NEW_BATCH_MANUAL,2025-12-04
goodpharmaceutical.com,Good Pharmaceutical,SG,NEW_BATCH_MANUAL,2025-10-10
gra-no.ch,Granò,CH,NEW_BATCH_JENKINS,2025-11-27
granunutzfahrzeuge.ch,GRANU Nutzfahrzeuge,CH,NEW_BATCH_JENKINS,2025-11-27
greensys.ch,greenSys,CH,NEW_BATCH_JENKINS,2025-11-27
gribbohmer.de,Gribbohmer Versicherungsdienst,DE,NEW_BATCH,2025-06-24
grischa-kaelte.ch,Grischa Projekt,CH,NEW_BATCH_JENKINS,2025-11-27
groupe-t2i.com,Groupe T2i Suisse,CH,NEW_BATCH_JENKINS,2025-11-27
grp.ch,Idencom,CH,NEW_BATCH_JENKINS,2025-11-27
gynelang.ch,Gyné Lang,CH,NEW_BATCH_JENKINS,2025-11-27
haneke.de,HANEKE Software,DE,NEW_BATCH_DATAQA,2025-12-21
hapila.de,HAPILA,DE,NEW_BATCH_MANUAL,2025-10-10
hardingfp.com,Harding Financial Partners,US,NEW_BATCH,2025-01-04
harraspharma.de,HPC Harras Pharma Curarina,CH,NEW_BATCH_JENKINS,2025-11-27
harvestinvestment.de,Harvest Investment Solutions,CH,NEW_BATCH_JENKINS,2025-11-28
harveyinvestment.com,Harvey Investment Company,US,NEW_BATCH,2025-08-08
hauswart-reinigung.ch,BA Gebäudemanagement,CH,NEW_BATCH_JENKINS,2025-11-27
haute-sorne.ch,Shop St-Hubert,CH,NEW_BATCH_JENKINS,2025-11-27
hawel.com,Dr. Dr. Hawel Wirtschaftstreuhand Steuerberatung,AT,NEW_BATCH_DATAQA,2025-10-22
hbkiv.de,"Schülerwohnheim Hamborner Bildungs-, Kultur- und Integrationsverein e.V.",DE,NEW_BATCH_MANUAL,2025-12-11
hbwadvisory.com,HBW Advisory Services,US,NEW_BATCH,2025-08-08
healthniture.com,HEALTHNITURE,IT,NEW_BATCH_MANUAL,2025-12-04
healthwing.fi,H&W Biotech,FI,NEW_BATCH_MANUAL,2025-10-10
heidelberg-pharma.com,Heidelberg Pharma,DE,NEW_BATCH_MANUAL,2025-10-10
heise-apps.de,Praxis Dr. Voll,DE,NEW_BATCH_JENKINS,2025-12-02
heizung-frey.net,Hans Frey,DE,NEW_BATCH_DATAQA,2025-11-17
heizungsbau-nord.de,Heizungsbau-Nord Bruhn,DE,NEW_BATCH_DATAQA,2025-11-16
helbling-landtechnik.ch,Helbling Landtechnik,CH,NEW_BATCH_JENKINS,2025-11-27
helvetica-power.org,HELVETICA POWER,CH,NEW_BATCH_JENKINS,2025-11-27
hemelinger-apotheke.de,Hemelinger Apotheke,DE,NEW_BATCH_MANUAL,2025-10-10
henlez.com,Henlez,DK,NEW_BATCH_MANUAL,2025-10-10
herbnutritionals.com,Herb Nutritionals,CN,NEW_BATCH_MANUAL,2025-10-10
herrindrug.com,Herrin Drug,US,NEW_BATCH_MANUAL,2025-10-10
hersberger-revi.ch,Hersberger Revisionsgesellschaft,CH,NEW_BATCH,2025-09-08
hertli-autoelektro.ch,Hanspeter Hertli,CH,NEW_BATCH_JENKINS,2025-11-27
hilbert.group,Hilbert,MT,NEW_BATCH,2024-11-25
hillislandfinancial.com,Hill Island Financial,US,NEW_BATCH,2025-08-11
hochuli-partner.ch,Hochuli Services,CH,NEW_BATCH_JENKINS,2025-11-27
hoefner-apotheke.ch,BookOfFisi Ochsner,CH,NEW_BATCH_JENKINS,2025-11-27
hofbauer-stb.at,Mag. Petra Bettina Hofbauer,AT,NEW_BATCH_DATAQA,2025-10-24
hosketulen.com,Hosket Ulen,US,NEW_BATCH,2025-01-05
hospitec.ch,Hospitec,CH,NEW_BATCH_JENKINS,2025-11-27
hospiz-meppen.de,Hospiz-Hilfe Meppen,DE,NEW_BATCH_DATAQA,2025-10-18
hospizstuhr.de,Hospizverein Stuhr,DE,NEW_BATCH_DATAQA,2025-10-18
hostettler-mode.ch,Hostettler Mode,CH,NEW_BATCH_JENKINS,2025-11-27
hpeirl.com,HPE Ireland,,NEW_BATCH_MANUAL,2025-10-10
hp-installationen.de,Helmut Poessnecker Installationen,DE,NEW_BATCH_DATAQA,2025-12-11
hpup.de,"Hachenberg, Pospich & Partner",DE,NEW_BATCH,2025-07-03
hsp-ag.ch,"hsp - Hodler, Santschi & Partner",CH,NEW_BATCH_JENKINS,2025-11-27
hugentobler-gartenbau.ch,Hugentobler Gartenbau,CH,NEW_BATCH_JENKINS,2025-11-27
hugojacobs.ch,Hugo Jacobs Malergeschäft,CH,NEW_BATCH_JENKINS,2025-11-27
hunstiger.de,Hunstiger Brillenmoden,DE,NEW_BATCH,2025-06-24
ibispharma.com,IBIS Pharma,EG,NEW_BATCH_MANUAL,2025-10-10
ibscapital.com,IBS Capital,US,NEW_BATCH,2025-08-11
icetech.ch,ICE Technologies,CH,NEW_BATCH_JENKINS,2025-11-27
icomsaludips.com,Icomsalud,CO,NEW_BATCH,2024-11-25
ihre-gesundheit.ch,Naturheilpraxis Wenger,CH,NEW_BATCH_JENKINS,2025-11-27
ihr-zahnarzt-stuttgart.de,Praxis von Stetten,DE,NEW_BATCH_JENKINS,2025-12-02
ikpartners.com,IK Investment Partners,DK,MIGRATION,2024-09-29
imaginefinancial.net,Imagine Financial,US,NEW_BATCH,2025-01-06
immo-bm.ch,Bruno Meier Immobilien,CH,NEW_BATCH_JENKINS,2025-11-27
immodyrag.ch,IMMO DYR,CH,NEW_BATCH_JENKINS,2025-11-27
imsec.ac.in,Biotechnology IMSEC,IN,NEW_BATCH_MANUAL,2025-10-10
imz-treuhand.ch,Wizima Treuhand,CH,NEW_BATCH_JENKINS,2025-11-27
ingos-tierfreund.de,Ingo's Tierfreund,DE,NEW_BATCH,2025-03-08
ingredienzabern.ch,Ingredienza GmbH der Laden,CH,NEW_BATCH_JENKINS,2025-11-27
innosignbio.com,InnoSIGN,,NEW_BATCH_MANUAL,2025-10-10
insighters.cz,Insighters,CZ,NEW_BATCH,2024-11-27
insurancecataleya.com,Cataleya,US,NEW_BATCH,2024-12-30
insuranceking.com,Insurance King,US,NEW_BATCH,2025-01-06
interrisk.pl,InterRisk,PL,NEW_BATCH,2024-12-16
intersys.ch,Intersys Holding,CH,NEW_BATCH_JENKINS,2025-11-27
irba.co.za,The Independent Regulatory Board for Auditors,ZA,NEW_BATCH,2025-06-24
isec.ch,ISEC,CH,NEW_BATCH_JENKINS,2025-11-27
ispe.ru,ISPE Eurasian Economic Union Affiliate,RU,NEW_BATCH_MANUAL,2025-10-10
jacquesdurand.com,JACQUES DURAND OCCHIALI,IT,NEW_BATCH_MANUAL,2025-12-04
jenere.com,Jenere Sales,CA,NEW_BATCH_MANUAL,2025-10-10
jenfotoart.ch,Jennifer Graber Fotografie & Coaching,CH,NEW_BATCH_JENKINS,2025-11-27
josefzholi.ch,Josef Zholi,CH,NEW_BATCH_JENKINS,2025-11-27
jostores.ch,JoStores,CH,NEW_BATCH_JENKINS,2025-11-27
jp-steuerberatung.de,JP Steuerberatungsgesellschaft,DE,NEW_BATCH,2025-06-24
jriva.com,Jrivera,US,NEW_BATCH,2025-01-09
jssresearch.com,JSS Medical Research,CA,NEW_BATCH,2025-07-07
judith-gmbh.de,Judith,DE,NEW_BATCH_DATAQA,2025-11-20
julnar-hc.com,Julnar healthcare,SA,NEW_BATCH_MANUAL,2025-10-10
junik-gartenbau.ch,Junik Gartenbau,CH,NEW_BATCH_JENKINS,2025-11-27
juvaplus.com,Juvaplus,CH,NEW_BATCH_MANUAL,2025-12-04
kaefer-kaefer.de,Kaefer & Kaefer Steuerberater Wirtschaftsprüfer,DE,NEW_BATCH,2025-06-24
kaeufer-versicherungsmakler.de,Kaeufer,DE,NEW_BATCH,2024-11-26
kastra.ch,Kastra,CH,NEW_BATCH_JENKINS,2025-11-27
kaufmanrossin.com,Kaufman Rossin,US,NEW_BATCH,2025-06-24
kdzug.ch,KD Zug-Treuhand,CH,NEW_BATCH,2025-09-08
keevilyworkcomp.com,Keevily Spero Whitelaw,US,NEW_BATCH,2025-06-24
kellenberger-olten.ch,Kellenberger Schliesstechnik,CH,NEW_BATCH_JENKINS,2025-11-27
keller-motos.ch,Werner Keller AG Motos und Zubehör,CH,NEW_BATCH_JENKINS,2025-11-27
kempfmetallbau.ch,Kempf Metallbau,CH,NEW_BATCH_JENKINS,2025-11-27
kfkb.se,Teknologsektionen för Bioteknik samt Kemiteknik med fysik,SE,NEW_BATCH_MANUAL,2025-10-10
kfo-dr-staub.de,Dr. Barbara Staub,DE,NEW_BATCH_JENKINS,2025-12-02
kfo-wessel.de,Kieferorthopädie Wessel,DE,NEW_BATCH_JENKINS,2025-12-02
kieferchirurgie-wolfsburg.de,Oral & Kieferchirurgie Wolfsburg,DE,NEW_BATCH_JENKINS,2025-12-02
kieferdocs.de,KieferDocs,DE,NEW_BATCH_JENKINS,2025-12-02
kienberger-fensterbau.ch,"Kienberger, Fensterbau & Schreinerei",CH,NEW_BATCH_JENKINS,2025-11-27
kinesiologie-bien-avec-soi.ch,"Cabinet de kinésiologie -Bien avec soi-, Carole Cordey",CH,NEW_BATCH_JENKINS,2025-11-27
kipferhuber.ch,Matthias Huber,CH,NEW_BATCH_JENKINS,2025-11-27
kjf-wuppertal.de,Ev. Kinder-Jugend- und Familienhilfe Kinderheim Wuppertal,DE,NEW_BATCH_MANUAL,2025-12-11
klaus-groth-apotheke.de,Klaus Groth Apotheke,DE,NEW_BATCH_MANUAL,2025-10-10
klavierhandwerk.ch,Klavierhandwerk Raphael Carnal,CH,NEW_BATCH_JENKINS,2025-11-27
klein-engineering.ch,Klein Engineering,CH,NEW_BATCH_JENKINS,2025-11-27
kleverlab.eu,KleverLab,PL,NEW_BATCH_MANUAL,2025-10-10
klinik-prof-schedel.de,Klinik Prof. Schedel,DE,NEW_BATCH,2025-07-17
klinikumdo.de,Klinikum Dortmund,DE,NEW_BATCH_DATAQA,2025-10-18
klinikum-oberberg.de,Palliativstation am Kreiskrankenhaus Waldbröl GmbH,DE,NEW_BATCH_MANUAL,2025-10-20
kneer.ch,"Institut Coaching für Coaches, Werner Kneer",CH,NEW_BATCH_JENKINS,2025-11-27
kolping.ch,Kolping Schweiz,CH,NEW_BATCH_JENKINS,2025-11-27
konzept-b2.de,Konzept B2,DE,NEW_BATCH_JENKINS,2025-12-02
kopp-fenster.ch,Kopp Fenster,CH,NEW_BATCH_JENKINS,2025-11-27
kpgcapitalpartners.com,KPG Capital Partners,US,NEW_BATCH,2024-10-23
kreisreklame.ch,Kreis Reklame,CH,NEW_BATCH_JENKINS,2025-11-27
kreisschule-surbtal.ch,Surbtal Immobilien,CH,NEW_BATCH_JENKINS,2025-11-27
kressibucher-shop.ch,Naturoel,CH,NEW_BATCH_JENKINS,2025-11-27
kriesi-optik-kloten.ch,Kriesi Optik,CH,NEW_BATCH_JENKINS,2025-11-27
kunz-indecor.ch,Kunz Indecor,CH,NEW_BATCH_JENKINS,2025-11-27
kurz-moessner.de,Kurz + Moessner,DE,NEW_BATCH,2025-06-24
kwp.de,KWP Geschäftsfuehrung Wirtschaftsprüfungsgesellschaft,DE,NEW_BATCH,2025-06-24
labelsaffaires.ch,Labels Affaires,CH,NEW_BATCH_JENKINS,2025-11-27
laboratoirelcv.com,Laboratoire LCV,FR,NEW_BATCH_MANUAL,2025-10-10
landbrot-online.de,Landbrotbaeckerei Schnabel,DE,NEW_BATCH,2025-07-03
lang-partner.at,Lang & Partner Steuerberatung,AT,NEW_BATCH_DATAQA,2025-10-27
larahaardesign.de,Haardesign LaRa,DE,NEW_BATCH,2025-06-24
lattis.com,Lattis Management,US,NEW_BATCH,2025-08-10
lbforsikring.dk,LB Forsikring,DK,NEW_BATCH,2024-12-22
lebens-art.li,LebensArt Plüss,CH,NEW_BATCH_JENKINS,2025-11-27
lebenshilfe-barnim.de,gGmbH „Lebenshilfe“ Wohnstätten Barnim,DE,NEW_BATCH_MANUAL,2025-12-10
lecazard.ch,Foyer Unioniste de Lausanne-Le Cazard,CH,NEW_BATCH_JENKINS,2025-11-27
leloftcoiffure.ch,"Le Loft Beauty Center, Fernandes",CH,NEW_BATCH_JENKINS,2025-11-28
leucht-meckel.de,Leucht & Meckel GmbH,DE,NEW_BATCH,2025-06-30
lifestyle-landsberg.de,Lifestyle Salon,DE,NEW_BATCH,2025-06-24
lightcap.co,Light Capital,US,NEW_BATCH,2025-08-10
lizard-health.com,LIZARD Health Technology,DE,NEW_BATCH_MANUAL,2025-12-09
lltcpa.ca,LLT,CA,NEW_BATCH,2025-06-24
loewenzahn-harb.de,Zahnarztpraxis Löwenzahn,DE,NEW_BATCH_JENKINS,2025-12-01
logopaedie-seidler.net,Isabella Seidler,AT,NEW_BATCH_DATAQA,2025-10-20
loi-bistro.ch,LOI Invest,CH,NEW_BATCH_JENKINS,2025-11-27
luond.ch,Xaver Lueoend,CH,NEW_BATCH,2025-02-03
luxfer.com,Reade Manufacturing Co,US,NEW_BATCH_MANUAL,2025-10-10
mahlstedt-bau.de,Mahlstedt,DE,NEW_BATCH,2025-02-26
maierbuenterag.ch,Mair Armierungen,CH,NEW_BATCH_JENKINS,2025-11-27
malerhess.ch,Sven Hess Malergeschäft,CH,NEW_BATCH_JENKINS,2025-11-27
mandarin-thaimassage.com,Mandarin Thai Massage Chaisuwan,CH,NEW_BATCH_JENKINS,2025-11-27
mandomarketing.com,M & O Marketing,US,NEW_BATCH,2025-01-06
manser-treuhand.ch,Manser Treuhand Chur,CH,NEW_BATCH_JENKINS,2025-11-27
marga-buehrig.ch,Marga Bührig-Stiftung,CH,NEW_BATCH_JENKINS,2025-11-27
marketseguros.com.co,Marketseguros,CO,NEW_BATCH,2024-12-15
marrado.ch,Marrado Plattenbeläge,CH,NEW_BATCH_JENKINS,2025-11-27
martyag.com,MARTY Systemtechnik,CH,NEW_BATCH_JENKINS,2025-11-28
masttro.com,Masttro Switzerland,CH,NEW_BATCH_JENKINS,2025-11-27
maxbiopharma.com,MAX BioPharma,US,NEW_BATCH_MANUAL,2025-10-10
mb.bluecross.ca,Blue Cross,CA,NEW_BATCH,2024-12-21
mcdcap.com,Mcdonald Capital Management,US,NEW_BATCH,2025-08-11
medecin-chexbres.ch,Dr Rafael Meister,CH,NEW_BATCH_MANUAL,2025-11-18
medentist.de,Zahnarztpraxis Bert Brosowski,DE,NEW_BATCH_JENKINS,2025-12-01
medhair.ch,Medhair Valentina Berisha,CH,NEW_BATCH_JENKINS,2025-11-27
medisativa.mx,Medisativa,MX,NEW_BATCH_MANUAL,2025-10-10
medisleep.co.kr,MEDISLEEP,KR,NEW_BATCH_MANUAL,2025-12-04
mediumsatz.ch,Saxzi,CH,NEW_BATCH_JENKINS,2025-11-27
medniqa.com,Medniqa Pharmaceuticals,IN,NEW_BATCH_MANUAL,2025-10-10
medquimica.ind.br,MedQuímica,BR,NEW_BATCH_MANUAL,2025-10-10
medserve.ch,medServe,CH,NEW_BATCH_JENKINS,2025-11-27
medtechbeeler.ch,MedTech Beeler,CH,NEW_BATCH_JENKINS,2025-11-27
meer.ch,"Meer AG, das Management",CH,NEW_BATCH_JENKINS,2025-11-27
mehrconcepts.ch,mehr concepts,CH,NEW_BATCH_JENKINS,2025-11-27
meingarten-abo.ch,Eric Kilcher Gartengestaltung & Gartenpflege,CH,NEW_BATCH_JENKINS,2025-11-28
melfu.cn,Suzhou Melfu Biotechnology,CN,NEW_BATCH_MANUAL,2025-10-10
melknigg.ch,Melk Nigg Architects,CH,NEW_BATCH_JENKINS,2025-11-27
membrapure.de,PMA Purification Membranes Analytics,DE,NEW_BATCH_MANUAL,2025-12-04
mentha.ch,Global Invest Ressources,CH,NEW_BATCH_JENKINS,2025-11-27
merlinbio.com.cn,Merlin Biomedical (Xiamen),CN,NEW_BATCH_MANUAL,2025-12-04
metzgerei-schulthess.ch,Metzgerei Schulthess,CH,NEW_BATCH_JENKINS,2025-11-27
mfpglobal.com,Mfp Global Services,US,NEW_BATCH,2025-01-11
michaelsven.com,MICHAEL SVEN,CH,NEW_BATCH_JENKINS,2025-11-27
midding.de,Midding & Partner Steuerberatungsgesellschaft,DE,NEW_BATCH,2025-06-24
mipsalus.dk,MipSalus,DK,NEW_BATCH_MANUAL,2025-10-10
mirath.com,Mirath,AE,NEW_BATCH,2024-11-25
mkg-forchheim.de,MKG Forchheim,DE,NEW_BATCH_JENKINS,2025-12-01
mkg-muehlhausen.de,MKG Chirurgie Mühlhausen,DE,NEW_BATCH_JENKINS,2025-12-02
mkg-neuschl.de,Praxis Dr. Dr. Neuschl,DE,NEW_BATCH_JENKINS,2025-12-02
mobile-campingwerkstatt.ch,Campingservice Lüthi,CH,NEW_BATCH_JENKINS,2025-11-28
modgut.com,modgut,TH,NEW_BATCH_MANUAL,2025-10-10
molkerei-neff.ch,Molkerei Brunner,CH,NEW_BATCH_JENKINS,2025-11-27
monere.ch,monere treuhand,CH,NEW_BATCH_JENKINS,2025-11-27
monsatec.ch,Sauter Management,CH,NEW_BATCH_JENKINS,2025-11-27
morgan-lloyd.co.uk,Morgan Lloyd SIPP Services,GB,NEW_BATCH_MANUAL,2025-12-09
moserga.ch,Moser,CH,NEW_BATCH_JENKINS,2025-11-27
mpc.cc,MPC International,LU,NEW_BATCH_MANUAL,2025-12-09
msi-immo.ch,MSI Liegenschaftsverwaltung,CH,NEW_BATCH_JENKINS,2025-11-28
muehli.ch,"Werner Inauen, Restaurant Mühli, Matzingen",CH,NEW_BATCH_JENKINS,2025-11-27
mukeshraj.com,Mukesh Raj,IN,NEW_BATCH,2025-06-24
murg.ch,Murgsee,CH,NEW_BATCH_JENKINS,2025-11-27
musikhaus-trueb.ch,Musikhaus Trüb,CH,NEW_BATCH_JENKINS,2025-11-27
mw-steuerberatung.at,MW Steuerberatung,AT,NEW_BATCH_DATAQA,2025-10-28
myeat.ch,Pizza 5 Stelle,CH,NEW_BATCH_JENKINS,2025-11-27
myswissmassage.ch,My Swiss Massage Oumar Wiesli,CH,NEW_BATCH_JENKINS,2025-11-28
natoli-ipo.ch,Natoli Intellectual Property Operations,CH,NEW_BATCH_JENKINS,2025-11-27
netage.ch,Fondation NetAge,CH,NEW_BATCH_JENKINS,2025-11-27
neuechanceberlin.de,Neue Chance gGmbH,DE,NEW_BATCH_MANUAL,2025-12-10
neurovirtual.com,Neurovirtual USA,US,NEW_BATCH_DATAQA,2025-12-03
newriselifescience.com,New Rise Life Science,IN,NEW_BATCH_MANUAL,2025-10-10
nexotx.com,Nexo Therapeutics,US,NEW_BATCH_MANUAL,2025-10-10
nexter.pl,HURTOWNIA WETERYNARYJNO,PL,NEW_BATCH_MANUAL,2025-10-10
nicola-planz.de,Kieferorthopädie Planz,DE,NEW_BATCH_JENKINS,2025-12-02
novaltec.ch,Team Cleaning Service,CH,NEW_BATCH_JENKINS,2025-11-27
nsr-stb.de,nsr Gmbh Steuerberatung,DE,NEW_BATCH,2025-06-24
nuainsurance.com,NUA Insurance Agents & Brokers,BS,NEW_BATCH,2024-12-15
nutztiergesundheit-schweiz.ch,Nutztiergesundheit,CH,NEW_BATCH_JENKINS,2025-11-27
oberbergische-apotheke.de,Oberbergische Apotheke,DE,NEW_BATCH_MANUAL,2025-10-10
octobit.ch,Octobit,CH,NEW_BATCH_JENKINS,2025-11-27
ofenland.ch,Ofenland,CH,NEW_BATCH_JENKINS,2025-11-27
oka-tec-ag.com,OKA-Tec,CH,NEW_BATCH_JENKINS,2025-11-27
oliarte.ch,Oliarte,CH,NEW_BATCH_JENKINS,2025-11-27
onchillespharma.com,Onchilles Pharma,US,NEW_BATCH_MANUAL,2025-10-10
oncogene.no,Oncogene,NO,NEW_BATCH_MANUAL,2025-10-10
optikbauer-riegelsberg.de,Optik Bauer,DE,NEW_BATCH,2025-02-26
optik-kleinlosen.de,Optik Kleinlosen,DE,NEW_BATCH,2025-02-26
optik-weiss.de,Optik Weiss,DE,NEW_BATCH,2025-02-26
optik-winner.de,Optik Winner,DE,NEW_BATCH,2025-02-26
optikzellner.de,Optik Zellner,DE,NEW_BATCH,2025-06-24
optimusfamily.com,Optimus Family and Wealth Management,CH,MIGRATION,2024-09-29
oriheal.com,Oriheal Lifesciences,IN,NEW_BATCH_MANUAL,2025-10-10
orionpharma.com,Orion Pharma,FI,NEW_BATCH_MANUAL,2025-10-10
orthoglauser.ch,Gregory Glauser,CH,NEW_BATCH_JENKINS,2025-11-27
ortho-labor.ch,SuperClever Lernclub Michaela Moll,CH,NEW_BATCH_JENKINS,2025-11-27
outsetglobal.com,OutSET Global,GB,MIGRATION,2024-09-29
parametricsmedical.com,Parametrics Medical,US,NEW_BATCH_MANUAL,2025-10-10
park-apotheke-arnsberg.de,Park Apotheke,DE,NEW_BATCH_MANUAL,2025-10-10
partnersadvisers.com,Partners Advisers,CH,MIGRATION,2024-09-29
passe-ton-permis.ch,"Passe-ton-permis.ch, Olivier Robert-Tissot",CH,NEW_BATCH_JENKINS,2025-11-27
pathovet.cl,Laboratorio Pathovet,,NEW_BATCH_MANUAL,2025-10-10
pbtproject.com,PB & T PROJECT,GB,NEW_BATCH_MANUAL,2025-10-10
pc-hilfe-50plus.ch,myit365.ch Dopple,CH,NEW_BATCH_JENKINS,2025-11-27
pectra.ch,Pectra,CH,NEW_BATCH_JENKINS,2025-11-27
peifunds.com,Private Equity Investors,US,NEW_BATCH,2025-08-18
perfuze.com,Perfuze,IE,NEW_BATCH_MANUAL,2025-12-04
personalmagnet.ch,Personal Magnet,CH,NEW_BATCH_JENKINS,2025-11-27
pettable.com,Pettable,US,NEW_BATCH,2025-01-15
physiotherapie-flumenthal.ch,Physiotherapie Flumenthal Branislav Milosevic,CH,NEW_BATCH_JENKINS,2025-11-27
piazza-meraviglia.ch,Meraviglia Rümlang,CH,NEW_BATCH_JENKINS,2025-11-27
pilindia.in,PIL-PSYCHOTROPICS INDIA,IN,NEW_BATCH_MANUAL,2025-10-10
pittsburghplastics.com,Pittsburgh Plastics Manufacturing,US,NEW_BATCH_MANUAL,2025-12-09
pkt-group.com,Plantation Key Technology,ID,NEW_BATCH_MANUAL,2025-10-10
placetec.ch,PlaceTec,CH,NEW_BATCH_JENKINS,2025-11-27
planr.ch,plan R - Kompetenzzentrum für Konflikte und Aggression,CH,NEW_BATCH_JENKINS,2025-11-28
plantex.ch,Plantex,CH,NEW_BATCH_JENKINS,2025-11-28
planwithm.com,M GROUP,US,NEW_BATCH,2025-08-16
plexis.ch,PLEXIS,CH,NEW_BATCH_JENKINS,2025-11-27
plugandhealth.com,DINDOG TECH,ES,NEW_BATCH_MANUAL,2025-12-04
po-pa.ch,Pohl & Partner Asset Management,CH,NEW_BATCH_JENKINS,2025-11-27
praxis-evident.de,Praxis Evident,DE,NEW_BATCH_JENKINS,2025-12-02
praxis-grundel-mayer.de,Praxis Grundel Mayer,DE,NEW_BATCH_JENKINS,2025-12-02
praxisleutschen.ch,Praxis Leutschen,CH,NEW_BATCH_MANUAL,2025-11-19
praxis-meilen.ch,Praxis Eisele International,CH,NEW_BATCH_JENKINS,2025-11-27
praxismuehlenbeck.de,Mühlenbeck Zahnärzte,DE,NEW_BATCH_JENKINS,2025-12-01
praxissauerzweig.de,Dr. med. Volker Sauerzweig,DE,NEW_BATCH_JENKINS,2025-12-01
praxis-weidenboden.ch,Praxis Weidenboden,CH,NEW_BATCH_MANUAL,2025-11-19
praxis-wuerden.de,Zahnärztliche Gemeinschaftspraxis Patricia Würden & Heike Köhler,DE,NEW_BATCH_JENKINS,2025-12-02
prematic.ch,Prematic,CH,NEW_BATCH_JENKINS,2025-11-28
prescouter.com,PreScouter,US,NEW_BATCH_MANUAL,2025-12-04
proaxsis.com,ProAxsis,GB,NEW_BATCH_MANUAL,2025-10-10
procap-sga.ch,Procap St.Gallen-Appenzell,CH,NEW_BATCH_JENKINS,2025-11-27
promotec.com.co,Promotec,CO,NEW_BATCH,2024-12-15
psychotherapie-saraci.ch,Psychotherapie Saraci,CH,NEW_BATCH_JENKINS,2025-11-27
puntodibellezza.ch,Punto di Bellezza,CH,NEW_BATCH_JENKINS,2025-11-27
pva.at,PVA Private Vorsorge,AT,NEW_BATCH,2024-11-26
qdata.info,qData,CH,NEW_BATCH_JENKINS,2025-11-27
qprotyn.com,Qprotyn,US,NEW_BATCH_MANUAL,2025-10-10
qualitylabs.cl,Quality Labs,CL,NEW_BATCH_MANUAL,2025-10-10
radiant.co.rw,Radiant,RW,NEW_BATCH,2024-12-16
raxtechnology.com,Rax Technology,CA,NEW_BATCH_MANUAL,2025-10-10
rcsadvisor.com,Retirement Capital Strategies,US,NEW_BATCH,2025-08-15
realstargroup.com,Realstar,GB,NEW_BATCH_DATAQA,2025-11-02
reengagetx.com,ReEngage Therapeutics,US,NEW_BATCH_MANUAL,2025-10-10
regenage.ro,Regenage Pharma Laboratoires,RO,NEW_BATCH_MANUAL,2025-10-10
rehamedpower.de,REHAMEDPOWER,DE,NEW_BATCH_DATAQA,2025-12-05
rel-steuer.de,Rueger Endlich Leutz Steuerberatungsgesellschaft,DE,NEW_BATCH,2025-06-24
remedytechnologies.eu,REMEDY TECHNOLOGIES,IT,NEW_BATCH_DATAQA,2025-12-03
remmers-backstube.de,Bäckerei Remmers,DE,NEW_BATCH,2025-07-03
reparatur-werk.ch,Reparatur Werk,CH,NEW_BATCH_JENKINS,2025-11-27
rep-center.ch,ReparaturCenter Bruno Stadelmann,CH,NEW_BATCH_JENKINS,2025-11-27
researchamericainc.com,Research America,US,NEW_BATCH,2024-11-27
retero.ch,RETERO,CH,NEW_BATCH_JENKINS,2025-11-27
rettenmaier.uk,Rettenmaier UK,GB,NEW_BATCH_MANUAL,2025-10-10
revamp-it.ch,RevAmp Hotel Technologies,CH,NEW_BATCH_JENKINS,2025-11-27
revee.it,REVEE,IT,NEW_BATCH_MANUAL,2025-12-04
rhcontabilidade.com.br,RH Contabilidade,BR,NEW_BATCH,2025-06-24
rheinprecision.com,Rhein Precision,US,NEW_BATCH_MANUAL,2025-12-09
rheuma-eisen-zentrum.ch,Kerl-Skurka Amalia-Iren,CH,NEW_BATCH_MANUAL,2025-11-19
rhex.ch,Rhex,CH,NEW_BATCH_JENKINS,2025-11-27
richter-feierabend.de,Dr. med. dent. Ulrike Angela Richter-Feierabend,DE,NEW_BATCH_JENKINS,2025-12-01
richter-steuer.de,Sozietat Richter und Partner,DE,NEW_BATCH,2025-06-24
rickinger-dresden.de,Rickinger,DE,NEW_BATCH_DATAQA,2025-10-29
rigibohr.ch,Rigibohr,CH,NEW_BATCH_JENKINS,2025-11-27
rima-bauleistungen.ch,RIMA Bauleistungen,CH,NEW_BATCH_JENKINS,2025-11-27
ringieraxelspringer.pl,United Classifieds Holding,CH,NEW_BATCH_JENKINS,2025-11-27
ripethinking.co.uk,Ripe Thinking,GB,NEW_BATCH,2024-11-27
riseins.com,Rise,US,NEW_BATCH,2025-01-17
riskbrokersolutions.co.za,Risk Broker Solutions,ZA,NEW_BATCH,2024-12-15
ristoranteilsalento.ch,Il Salento Gastro,CH,NEW_BATCH_JENKINS,2025-11-28
ristorantepizzerialafortuna.ch,SNACK BAR PIZZERIA LA FORTUNA DI CONCONI MICHELA,CH,NEW_BATCH_JENKINS,2025-11-27
riveraintech.com,Riverain Technologies,US,NEW_BATCH_MANUAL,2025-12-04
robertweiss.ch,Robert Weiss Consulting,CH,NEW_BATCH_JENKINS,2025-11-27
robiotec.com,Robiotec,US,NEW_BATCH_MANUAL,2025-10-10
roburis.ch,roburis consulting,CH,NEW_BATCH_JENKINS,2025-11-27
roncalli-apotheke-bonn.de,Roncalli-Apotheke,DE,NEW_BATCH_MANUAL,2025-10-10
rpg.co.uk,RPG,GB,NEW_BATCH,2025-06-24
rrv.ch,RR Variationen,CH,NEW_BATCH_JENKINS,2025-11-27
russellstone.co.za,RussellStone,ZA,NEW_BATCH,2024-11-25
rutschi-partner.ch,Rutschi + Partner,DE,NEW_BATCH_DATAQA,2025-09-16
rwdtx.com,Rewind Therapeutics,BE,NEW_BATCH_MANUAL,2025-10-10
rwrwv.com,Rwr Wv,US,NEW_BATCH,2025-01-14
ryser-kurier.ch,Ryser-Kurier,CH,NEW_BATCH_JENKINS,2025-11-27
sai-infusion.com,SAI Infusion Technologies,US,NEW_BATCH_MANUAL,2025-12-04
saiinsure.ca,SAI Insurance Services,CA,NEW_BATCH,2024-11-26
sail.ch,Beat Lang,CH,NEW_BATCH_JENKINS,2025-11-27
salixservices.com,Salix,CH,NEW_BATCH_JENKINS,2025-11-28
salon130a.de,Salon No. 130,DE,NEW_BATCH,2025-07-03
salon-heckel.de,Salon Heckel,DE,NEW_BATCH,2025-07-03
salon-lehr.de,Salon & Boutique Lehr,DE,NEW_BATCH,2025-07-03
salzmannone.com,SALZMANN ONE,CH,NEW_BATCH_JENKINS,2025-11-27
samplecompany1030.com,Sample Company 1030,DE,NEW_BATCH,2025-07-02
samplecompany1361.com,Sample Company 1361,DE,NEW_BATCH,2025-07-02
samplecompany1508.com,Sample Company 1508,DE,NEW_BATCH,2025-07-02
samplecompany1555.com,Sample Company 1555,DE,NEW_BATCH,2025-07-02
samplecompany1781.com,Sample Company 1781,DE,NEW_BATCH,2025-07-02
samplecompany1837.com,Sample Company 1837,DE,NEW_BATCH,2025-07-02
samplecompany2378.com,Sample Company 2378,DE,NEW_BATCH,2025-07-02
samplecompany2478.com,Sample Company 2478,DE,NEW_BATCH,2025-07-02
samplecompany2509.com,Sample Company 2509,DE,NEW_BATCH,2025-07-02
samplecompany2660.com,Sample Company 2660,DE,NEW_BATCH,2025-07-02
samplecompany2866.com,Sample Company 2866,DE,NEW_BATCH,2025-07-02
samplecompany2870.com,Sample Company 2870,DE,NEW_BATCH,2025-07-02
samplecompany3184.com,Sample Company 3184,DE,NEW_BATCH,2025-07-02
samplecompany3385.com,Sample Company 3385,DE,NEW_BATCH,2025-07-02
samplecompany3444.com,Sample Company 3444,DE,NEW_BATCH,2025-07-02
samplecompany3915.com,Sample Company 3915,DE,NEW_BATCH,2025-07-02
samplecompany3950.com,Sample Company 3950,DE,NEW_BATCH,2025-07-02
samplecompany3984.com,Sample Company 3984,DE,NEW_BATCH,2025-07-02
samplecompany4.com,Sample Company 4,DE,NEW_BATCH,2025-07-02
samplecompany5411.com,Sample Company 5411,DE,NEW_BATCH,2025-07-02
samplecompany5554.com,Sample Company 5554,DE,NEW_BATCH,2025-07-02
samplecompany5744.com,Sample Company 5744,DE,NEW_BATCH,2025-07-02
samplecompany990.com,Sample Company 990,DE,NEW_BATCH,2025-07-02
sandiegocounty.gov,San Diego County Public Health,US,NEW_BATCH_MANUAL,2025-10-10
sanotrade.ch,SanoTrade,CH,NEW_BATCH_JENKINS,2025-11-27
santarosasmog.com,Callagy Automotive & Smog,US,NEW_BATCH_MANUAL,2025-10-10
scallianceins.com,SC Alliance,US,NEW_BATCH,2024-11-26
scheuer.koeln,Scheuer Haus & Gebaeudetechnik,DE,NEW_BATCH_DATAQA,2025-11-16
schmitte-praxis.ch,Schmitte-Praxis,CH,NEW_BATCH_MANUAL,2025-11-19
schoepf-living.ch,schöpf living,CH,NEW_BATCH_JENKINS,2025-11-27
schornstein-sauerland.de,Dr. Schornstein und Sauerland Steuerberater,DE,NEW_BATCH,2025-06-24
schreinerei-sperb.ch,Schreinerei Sperb,CH,NEW_BATCH_JENKINS,2025-11-27
schulearni.ch,freischi,CH,NEW_BATCH_JENKINS,2025-11-27
scierie-perisset.ch,Industrie du bois Jacques Périsset,CH,NEW_BATCH_JENKINS,2025-11-27
scmdirect.com,SCM Private,GB,MIGRATION,2024-09-29
sedia.ch,Sedia Medizintechnik,CH,NEW_BATCH_MANUAL,2025-12-04
seedorf-uri.ch,KW Seedorf,CH,NEW_BATCH_JENKINS,2025-11-27
sehhaus-herrsching.de,Sehhaus-Herrsching,DE,NEW_BATCH,2025-02-26
sehne.de,Sehne Backwaren Baeckerei Sehne im Real,DE,NEW_BATCH_MANUAL,2025-10-03
sema-fertiggarage.ch,NOE-Schaltechnik,CH,NEW_BATCH_JENKINS,2025-11-27
senseisurgical.com,Lightpoint Medical,GB,NEW_BATCH_MANUAL,2025-12-04
service-pro.ch,Service-Pro Swiss,CH,NEW_BATCH_JENKINS,2025-11-27
shamrockcap.com,Shamrock Capital Advisors,US,NEW_BATCH,2025-08-22
sharpedgesurgimed.com,Sharp Edge Surgimed,PK,NEW_BATCH_MANUAL,2025-12-04
sharpsmws.com,Carolina Biomedical Disposal,US,NEW_BATCH_MANUAL,2025-10-10
shc-software.ch,SHC Software,CH,NEW_BATCH_JENKINS,2025-11-27
sicherheitstechnik-kommunikation-deutschland.de,Alarmtechnik Theis,DE,NEW_BATCH_DATAQA,2025-12-10
silikon-fugen.ch,Ramanaj,CH,NEW_BATCH_JENKINS,2025-11-27
siwacom.ch,SIWACOM,CH,NEW_BATCH_JENKINS,2025-11-27
sjdisposable.com,XIANTAO S&J PROTECTIVE PRODUCTS,CN,NEW_BATCH_MANUAL,2025-12-04
skorelab.ch,Skore Lab,CH,NEW_BATCH_JENKINS,2025-11-27
smartnucl.com,SmartNuclide,CN,NEW_BATCH_MANUAL,2025-10-10
snowballwm.com,Snowball Wealth Management,US,NEW_BATCH,2025-08-22
softwarepoint.com,Whitelake Software Point,,NEW_BATCH_MANUAL,2025-12-08
solpro.ch,Solpro Schweiz,CH,NEW_BATCH_JENKINS,2025-11-27
somru.ca,Somru BioScience,CA,NEW_BATCH_MANUAL,2025-10-10
southeastinsure.com,Southeast Insurance,US,NEW_BATCH,2025-01-17
sovieroassetmanagement.com,Soviero Asset Management,US,NEW_BATCH,2025-08-22
sportbahnen-jaunpass.ch,Sportbahnen Jaunpass,CH,NEW_BATCH_JENKINS,2025-11-27
sportpferde-vom-oberhof.ch,Bauer Haustechnik,CH,NEW_BATCH_JENKINS,2025-11-27
spqrcostruzioni.ch,SPQR costruzioni e conservazioni,CH,NEW_BATCH_JENKINS,2025-11-27
spsprocess.com,SPS Process Systems,IN,NEW_BATCH_MANUAL,2025-10-10
srisawanagency.com,Srisawan Premier Agency,US,NEW_BATCH,2025-01-17
staernehimu.ch,Knall Fred,CH,NEW_BATCH_JENKINS,2025-11-27
stampdutyrelief.co.uk,STAMP DUTY ADVISORY SERVICES,GB,NEW_BATCH_DATAQA,2025-11-01
star-am.com,STAR Asset Management,ID,NEW_BATCH,2024-10-18
starnails-luzern.ch,Star Nails,CH,NEW_BATCH_JENKINS,2025-11-27
star-transport.ch,STAR Transport,CH,NEW_BATCH_JENKINS,2025-11-27
stb-muc.de,Linhart & Kuch Steuerberater,DE,NEW_BATCH,2025-06-24
stb-schwarzinger.at,Steuerberatung Schwarzinger,AT,NEW_BATCH_DATAQA,2025-10-25
steakhouse-brunnen.ch,Zemp Steakhouse Brunnen,CH,NEW_BATCH_JENKINS,2025-11-27
steuerberater-koch-kollegen.de,Koch & Kollegen Steuerberatungsgesellschaft,DE,NEW_BATCH,2025-06-24
steuerkanzlei-engl.de,Marcus Engl Steuerberatungsgesellschaft,DE,NEW_BATCH,2025-06-24
stewartco-cpa.com,Stewart & Company,US,NEW_BATCH,2025-06-24
stichundstrich.ch,Stich und Strich Füchslin,CH,NEW_BATCH_JENKINS,2025-11-27
stiuvou.ch,Stiuvou,CH,NEW_BATCH_JENKINS,2025-11-27
stoermetzg.ch,Störmetzg Meier,CH,NEW_BATCH_JENKINS,2025-11-26
storck-gmbh.de,Storck Sicherheitstechnik,DE,NEW_BATCH_MANUAL,2026-01-09
studerfamilyoffice.com,Studer Family Office,CH,NEW_BATCH_JENKINS,2025-11-27
studio-del-arte.de,Studio del' Arte,DE,NEW_BATCH,2025-07-03
stute-bielefeld.de,ZahnarztPraxis Dr.Wolfgang Stute,DE,NEW_BATCH_JENKINS,2025-12-01
sublime-esthetics.ch,Sublime,CH,NEW_BATCH_JENKINS,2025-11-27
suedstadt-apotheke.de,Südstadt Apotheke,DE,NEW_BATCH_MANUAL,2025-10-09
sunsetresourcesgroup.com,Sunset Resources Group,US,NEW_BATCH_MANUAL,2025-10-10
sunvou.com,Sunvou Medical Electronics,CN,NEW_BATCH_MANUAL,2025-12-04
svk-art.com,Kessler Metallgestaltung,CH,NEW_BATCH_JENKINS,2025-11-27
sweetrich.cn,Suzhou Sweetrich Vehicle Industry,CN,NEW_BATCH_MANUAL,2025-12-04
swindonaccountants.com,DG Accountants,GB,NEW_BATCH_DATAQA,2025-11-04
swiss4ward.com,swiss4ward,CH,NEW_BATCH_JENKINS,2025-11-27
swissblock.net,Swissblock Capital,CH,NEW_BATCH_JENKINS,2025-11-28
swissfr.ch,Swiss Financial Research,CH,NEW_BATCH_JENKINS,2025-11-27
swissinnovations.com,Business & Leisure Group Schweiz,CH,NEW_BATCH_JENKINS,2025-11-27
swissmico.ch,swissMiCo,CH,NEW_BATCH_JENKINS,2025-11-27
swiss-paracord.ch,Swiss Paracord,CH,NEW_BATCH_JENKINS,2025-11-27
swiss-selfgarage.ch,Swiss Selfgarage,CH,NEW_BATCH_JENKINS,2025-11-27
syncbiosystems.com,Sync Biosystems,NL,NEW_BATCH_MANUAL,2025-12-04
sysinfra.ch,SYSINFRA Pathman,CH,NEW_BATCH_JENKINS,2025-11-27
tabbico.com,Tabbico,US,NEW_BATCH,2025-07-03
tab-kanzlei.de,Steuerberater Bad Toelz,DE,NEW_BATCH,2025-06-24
talajvizsgalo.hu,HL-LAB Agricultural and Environmental Laboratory,HU,NEW_BATCH_MANUAL,2025-10-10
tamarandpharezltd.com,Tamar & Pharez Pharmaceutical,NG,NEW_BATCH_MANUAL,2025-10-10
tanner-treuhand.com,Tanner Treuhand und Beratung,CH,NEW_BATCH,2025-09-08
taoconsultant.com,Tao,US,NEW_BATCH,2025-07-03
tapetenschweiz.ch,"Anika Brüllmann Tapeten, traditionelles Tapezierhandwerk",CH,NEW_BATCH_JENKINS,2025-11-27
tax-arts.ch,Tax Arts,CH,NEW_BATCH_JENKINS,2025-11-28
taxexperts.at,DBS Dr. Dal - Bianco & Mag. Schranz Steuerberatungs,AT,NEW_BATCH_DATAQA,2025-10-27
taxresolute.co.uk,TAX RESOLUTE,GB,NEW_BATCH_DATAQA,2025-11-01
taziotatti.ch,Injectosond,CH,NEW_BATCH_JENKINS,2025-11-27
tds1881.com,Advanced Medical Group,US,NEW_BATCH_MANUAL,2025-10-10
telecomservices.ch,Telecom Services,CH,NEW_BATCH_JENKINS,2025-11-27
telperian.com,Telperian,US,NEW_BATCH_MANUAL,2025-10-10
temp.annettpaszkierzahnärzti.de,"Annett Paszkier, Zahnärztin",DE,NEW_BATCH_JENKINS,2025-12-02
temp.b000527156.it,B-ONE SRL,IT,NEW_BATCH_MANUAL,2026-01-05
temp.b000675574.it,GM BROKER S.R.L.,IT,NEW_BATCH_MANUAL,2026-01-05
temp.b000748523.it,ART OF INSURANCE SRLS,IT,NEW_BATCH_MANUAL,2026-01-05
temp.bagdrnicolindemannjankurtz-hoffmannkollegenleipzig.de,BAG Dr. Nico Lindemann Jan Kurtz-Hoffmann & Kollegen Leipzig,DE,NEW_BATCH_JENKINS,2025-12-01
temp.baierinesheidenau.de,"Baier, Ines Heidenau",DE,NEW_BATCH_JENKINS,2025-12-01
temp.bankgloucester.com,BankGloucester,US,NEW_BATCH,2025-07-29
temp.bankofwolcott.com,Bank of Wolcott,US,NEW_BATCH,2025-07-29
temp.baustian,Baustian / Zahnarztpraxis,DE,NEW_BATCH_JENKINS,2025-12-02
temp.bckereireuther.com,Bäckerei Reuther,DE,NEW_BATCH,2024-11-03
temp.becke,Becke / Zahnarztpraxis,DE,NEW_BATCH_JENKINS,2025-12-02
temp.belartpeider.ch,Belart Peider,CH,NEW_BATCH_MANUAL,2025-11-19
temp.betreuungsteammecklenburgvorpommern.com,Betreuungsteam Mecklenburg - Vorpommern,DE,NEW_BATCH_MANUAL,2025-12-10
temp.bransonbank.com,Branson Bank,US,NEW_BATCH,2025-07-29
temp.devonbank.com,Devon Bank,US,NEW_BATCH,2025-07-29
temp.dipl-stomatsylkelerche,Dipl.-Stomat. Sylke Lerche / BAG,DE,NEW_BATCH_JENKINS,2025-12-02
temp.dipl-stommesserschmidtdrmesserschmid.de,Dipl.-Stom. Messerschmidt & Dr. Messerschmidt,DE,NEW_BATCH_JENKINS,2025-12-02
temp.drarnoschäffer.de,Dr. Arno Schäffer,DE,NEW_BATCH_JENKINS,2025-12-01
temp.drbalaommundgesundbarßelzmvzgmbh.de,Dr. Balaom Mundgesund Barßel ZMVZ (GmbH),DE,NEW_BATCH_JENKINS,2025-12-02
temp.drchristianmülle.de,Dr. Christian Müller,DE,NEW_BATCH_JENKINS,2025-12-02
temp.drdominiquedurrer.ch,Dr Dominique Durrer,CH,NEW_BATCH_MANUAL,2025-11-19
temp.drhubertusbeik.de,Dr. Hubertus Beike,DE,NEW_BATCH_JENKINS,2025-12-02
temp.drjörgschwitallazahnarztjenswestermannzahnarztandreasnußbicke.de,"Dr. Jörg Schwitalla, Zahnarzt Jens Westermann, Zahnarzt Andreas Nußbicker",DE,NEW_BATCH_JENKINS,2025-12-02
temp.drmanuelayesi.de,Dr. Manuela Yesil,DE,NEW_BATCH_JENKINS,2025-12-02
temp.drmeddentannebuschmeier.de,Dr. med. dent. Anne Buschmeier,DE,NEW_BATCH_JENKINS,2025-12-01
temp.drmeddenteminelind.de,Dr. med. dent. Emine Lind,DE,NEW_BATCH_JENKINS,2025-12-01
temp.drmeddentirenatinzmann.de,Dr. med. dent. Irena Tinzmann,DE,NEW_BATCH_JENKINS,2025-12-01
temp.drmeddentstephanmüller.de,Dr. med. dent. Stephan Müller,DE,NEW_BATCH_JENKINS,2025-12-01
temp.drralfmannke.de,Dr. Ralf Mannke,DE,NEW_BATCH_JENKINS,2025-12-01
temp.drutegretchenelisabethkröpelin-weber.de,Dr. Ute Gretchen Elisabeth Kröpelin-Weber,DE,NEW_BATCH_JENKINS,2025-12-01
temp.firstnationalbankofhereford.com,First National Bank of Hereford,US,NEW_BATCH,2025-07-29
temp.firstsavingsbankjeffersonvillein.com,"First Savings Bank, Jeffersonville (IN)",US,NEW_BATCH,2025-07-29
temp.fraudrastridfelden.de,Frau Dr. Astrid Felden,DE,NEW_BATCH_JENKINS,2025-12-01
temp.gemeinschaftspraxis.ch,Gemeinschaftspraxis,CH,NEW_BATCH_MANUAL,2025-11-19
temp.gerhardgneistzahnärzt.de,"Gerhard Gneist, Zahnärzte",DE,NEW_BATCH_JENKINS,2025-12-02
temp.greatsouthernbankreedsspringks.com,"Great Southern Bank, Reeds Spring (KS)",US,NEW_BATCH,2025-07-29
temp.hausarztpraxisblum.ch,Hausarztpraxis Blum,CH,NEW_BATCH_MANUAL,2025-11-19
temp.heartlandstatebankredfieldsd.com,"Heartland State Bank, Redfield (SD)",US,NEW_BATCH,2025-07-29
temp.infirstbank.com,InFirst Bank,US,NEW_BATCH,2025-07-29
temp.jensstangl.de,Jens Stangl,DE,NEW_BATCH_JENKINS,2025-12-01
temp.jürgenbarth.de,Jürgen Barth,DE,NEW_BATCH_JENKINS,2025-12-01
temp.katharinasalvese.de,Katharina Salvesen,DE,NEW_BATCH_JENKINS,2025-12-02
temp.kindredstatebank.com,Kindred State Bank,US,NEW_BATCH,2025-07-29
temp.lebbrandenburgev.com,LEB Brandenburg e.V.,DE,NEW_BATCH_MANUAL,2025-12-10
temp.mandywarzitz.de,Mandy Warzitz,DE,NEW_BATCH_JENKINS,2025-12-01
temp.mhlenbckereibost.com,Mühlenbäckerei Bost,DE,NEW_BATCH,2024-11-03
temp.mohamedabohamadazahnarz.de,"Mohamed Abo Hamada, Zahnarzt",DE,NEW_BATCH_JENKINS,2025-12-02
temp.mortoncommunitybank.com,Morton Community Bank,US,NEW_BATCH,2025-07-29
temp.praxisdrchristostsiaousidi.de,Praxis Dr. Christos Tsiaousidis,DE,NEW_BATCH_JENKINS,2025-12-02
temp.praxisdrmeddentthomasschleihau.de,Praxis Dr. med. dent. Thomas Schleihauf,DE,NEW_BATCH_JENKINS,2025-12-02
temp.praxisheide.de,Praxis Heiden,DE,NEW_BATCH_JENKINS,2025-12-02
temp.praxisirinaprussdrmedthomasprus.de,"Praxis Irina Pruss, Dr. med. Thomas Pruss",DE,NEW_BATCH_JENKINS,2025-12-02
temp.praxismitrakalirad-schneide.de,Praxis Mitra Kalirad-Schneider,DE,NEW_BATCH_JENKINS,2025-12-02
temp.praxisralf-michaelnosk.de,Praxis Ralf-Michael Nosko,DE,NEW_BATCH_JENKINS,2025-12-02
temp.praxisspiekerman.de,Praxis Spiekermann,DE,NEW_BATCH_JENKINS,2025-12-02
temp.simondolburdzahnarz.de,"Simon Dolburd, Zahnarzt",DE,NEW_BATCH_JENKINS,2025-12-02
temp.sparkasseborken-schwalmstadt.com,Sparkasse Borken-Schwalmstadt,DE,NEW_BATCH,2024-11-02
temp.sterlingstatebank.com,Sterling State Bank,US,NEW_BATCH,2025-07-29
temp.thebrookvillebuildingandsavingsassociation.com,The Brookville Building and Savings Association,US,NEW_BATCH,2025-07-29
temp.thestatebankfentonmi.com,"The State Bank, Fenton (MI)",US,NEW_BATCH,2025-07-29
temp.thomasostwald.de,Thomas Ostwald,DE,NEW_BATCH_JENKINS,2025-12-01
temp.torbensaschabovermann.de,Torben Sascha Bovermann,DE,NEW_BATCH_JENKINS,2025-12-01
temp.volksbankeglohnedinklagesteinfeldmhlenbankstellesteinfeld.de,Volksbank eG Lohne - Dinklage - Steinfeld - Muehlen - Bankstelle Steinfeld,DE,NEW_BATCH,2024-10-07
temp.zahnarztafshinborn.de,Zahnarzt Afshin Borna,DE,NEW_BATCH_JENKINS,2025-12-02
temp.zahnarztandrémeye.de,Zahnarzt André Meyer,DE,NEW_BATCH_JENKINS,2025-12-02
temp.zahnarztbassameli.de,Zahnarzt Bassam Elia,DE,NEW_BATCH_JENKINS,2025-12-02
temp.zahnarztdipl-medgeorgschuber.de,Zahnarzt Dipl.-Med. Georg Schubert,DE,NEW_BATCH_JENKINS,2025-12-02
temp.zahnärztinutagabber.de,Zahnärztin Uta Gabbert,DE,NEW_BATCH_JENKINS,2025-12-02
temp.zahnarztmaximilianblas.de,Zahnarzt Maximilian Blase,DE,NEW_BATCH_JENKINS,2025-12-02
terpenia.eu,Terpenia Phytotherapeutics,,NEW_BATCH_MANUAL,2025-10-10
tethys.fr,TÉTHYS,FR,NEW_BATCH,2024-11-25
tetris-assurance.com,Tetris,FR,NEW_BATCH,2024-12-15
teufel-international.com,Wilhelm Julius Teufel,DE,NEW_BATCH_MANUAL,2025-12-04
textilpflege27.ch,TEXTILPFLEGE 27,CH,NEW_BATCH_JENKINS,2025-11-27
tglbiosc.com,The Genelab Lifescience Company,NG,NEW_BATCH_MANUAL,2025-10-10
theclinivex.com,Clinivex,,NEW_BATCH_MANUAL,2025-10-10
thecoolswiss.com,The Cool Swiss,CH,NEW_BATCH_JENKINS,2025-11-27
thesabinagency.com,Sabin Agency,US,NEW_BATCH,2025-01-15
thomaskuenzle.ch,THOMAS KÜNZLE Architekten,CH,NEW_BATCH_JENKINS,2025-11-27
tissuelabs.com,TissueLabs,CH,NEW_BATCH_MANUAL,2025-10-10
tk-capital.de,Trend Kairos Capital,DE,MIGRATION,2024-09-29
topkitt.ch,Top Kitt,CH,NEW_BATCH_JENKINS,2025-11-27
topomed.gr,ΤΟΠΟΜΕΝΤ Ι Γ ΡΟΔΟΠΟΥΛΟΣ Κ ΣΙΑ,GR,NEW_BATCH_MANUAL,2025-12-04
topsbetter.com,Guangshui Sbetter Medical Products,CN,NEW_BATCH_MANUAL,2025-12-04
top-speedy-clean.ch,Top Speedy Clean,CH,NEW_BATCH_JENKINS,2025-11-27
tozerseeds.com,Tozer Seeds,NL,NEW_BATCH_MANUAL,2025-12-04
trailsupply.ch,Trail Supply,CH,NEW_BATCH_JENKINS,2025-11-27
treuhand-wespe.ch,Treuhand Wespe,CH,NEW_BATCH,2025-09-08
trevorjones.co.uk,Trevor Jones & Partners,GB,NEW_BATCH_DATAQA,2025-11-04
truefalse.ch,TRUE FALSE,CH,NEW_BATCH_JENKINS,2025-11-27
trustab.com,Advanced Benefits Communication,US,NEW_BATCH,2024-12-20
tuboly-astronic.ch,Tuboly-Astronic,CH,NEW_BATCH_JENKINS,2025-11-27
turicum-broker.ch,Turicum Versicherungsbroker,CH,NEW_BATCH_JENKINS,2025-11-27
twinsurance.com,Thomas Ward,US,NEW_BATCH,2025-01-18
typiir.de,TypIIR,DE,NEW_BATCH_MANUAL,2025-12-04
unboxingbiotech.com,Unboxing Biotech,US,NEW_BATCH_MANUAL,2025-10-10
unique-united.com,UNITED TREE,CH,NEW_BATCH_JENKINS,2025-11-27
unisieve.com,UniSieve,CH,NEW_BATCH_JENKINS,2025-11-27
untergrenchenberg.ch,BERGGASTHOF UNTERGRENCHENBERG KRISTINA SCHNEIDER,CH,NEW_BATCH_JENKINS,2025-11-27
unternehmen.com,Lernerfolg Wolf,CH,NEW_BATCH_JENKINS,2025-11-28
unverpackt-baselland.ch,Unverpackt Baselland,CH,NEW_BATCH_JENKINS,2025-11-27
urecoproperty.com,Ureco Capital,GB,NEW_BATCH_MANUAL,2025-12-09
urgo.de,URGO,DE,NEW_BATCH_MANUAL,2025-12-04
urozentrum-beo.ch,Urologische Praxis H. P. Böss,CH,NEW_BATCH_JENKINS,2025-11-27
usainsuranceco.net,Usa Insurance,US,NEW_BATCH,2025-07-03
uzzalabioenergy.com,Uzzala Bio Energy,IN,NEW_BATCH_MANUAL,2025-10-10
valhallaflwr.com,Valhalla Flwr,CA,NEW_BATCH_MANUAL,2025-10-10
valli-strassenbau.ch,"Valli AG Strassenbau, Zweigniederlassung Schönenwerd",CH,NEW_BATCH_JENKINS,2025-11-27
valueplus.ch,SPUR Value Partners,CH,NEW_BATCH_JENKINS,2025-11-27
vazbareinigungtransport.ch,Vazba Reinigung Transport - Cristina Vazquez Barrero,CH,NEW_BATCH_JENKINS,2025-11-27
velocityins.net,Velocity Insurance,US,NEW_BATCH,2025-07-03
velometzg.ch,Velo-Metzg,CH,NEW_BATCH_JENKINS,2025-11-27
veradent.de,Vera Klencke,DE,NEW_BATCH_JENKINS,2025-12-02
verlagskv.ch,Verlag SKV,CH,NEW_BATCH_JENKINS,2025-11-27
vic.at,VICTORIA Wirtschaftstreuhand,AT,NEW_BATCH_DATAQA,2025-10-27
victoriaclean.ch,Victoria Clean Textilreinigung,CH,NEW_BATCH_JENKINS,2025-11-27
victoryautomotivegroup.com,Victory Automotive Group,US,NEW_BATCH,2025-02-18
vilcolabs.com,Vilco Laboratories,IN,NEW_BATCH_MANUAL,2025-10-10
vippermanent.ch,Vip PERMANENT By ANASTASIYA SHCHERBAK,CH,NEW_BATCH_JENKINS,2025-11-27
virtualdiscovery.net,Virtual Discovery,US,NEW_BATCH_MANUAL,2025-10-10
viscon-treuhand.ch,Viscon Treuhand,CH,NEW_BATCH_MANUAL,2025-09-29
vivasaudecorretora.com.br,Viva Saúde,BR,NEW_BATCH,2025-06-24
vkbroker.it,VK Broker,IT,NEW_BATCH,2024-11-26
voegtle-steuerberater.de,ETL Vögtle & Kollegen Steuerberatungsgesellschaft,DE,NEW_BATCH,2025-06-30
voicelan.ch,VoiceLan,CH,NEW_BATCH_JENKINS,2025-11-27
vs-stb.de,ETL Pfeiffer & Kollegen,DE,NEW_BATCH,2025-06-30
waelti-homes.ch,Waelti Immobilien,CH,NEW_BATCH_JENKINS,2025-11-28
waldhaus-noschkowitz.de,Waldhaus Noschkowitz,DE,NEW_BATCH_MANUAL,2025-12-10
wandaclarke.ch,DLTAdvisoryClarke,CH,NEW_BATCH_JENKINS,2025-11-27
wassmannag.ch,Wassmann AG Modell- und Prototypenbau,CH,NEW_BATCH_JENKINS,2025-11-27
wbg-wittnau.ch,Wohnbaugenossenschaft Wittnau,CH,NEW_BATCH_JENKINS,2025-11-27
webemotions.ch,WEBEMOTIONS,CH,NEW_BATCH_JENKINS,2025-11-27
weber-liestal.ch,Weber IT & Apps,CH,NEW_BATCH_JENKINS,2025-11-27
webersannarbor.com,Webers,DE,NEW_BATCH,2025-07-03
webtie.ch,webtie,CH,NEW_BATCH_JENKINS,2025-11-26
weise-zaehne.com,"Dr.med.dent. Weise, Stefanie Döbeln",DE,NEW_BATCH_JENKINS,2025-12-01
wenger-dach.ch,Wenger Bedachungen,CH,NEW_BATCH_JENKINS,2025-11-27
werbeakt.ch,voltura,CH,NEW_BATCH_JENKINS,2025-11-27
wicom.com,Wicom Analytics,,NEW_BATCH_MANUAL,2025-10-10
wiegmaninsurance.com,Wiegman,US,NEW_BATCH,2025-01-22
wilhelmsburg-zahnarzt.de,Okay Osanmaz – Zahnarzt in Hamburg-Wilhelmsburg,DE,NEW_BATCH_JENKINS,2025-12-01
williamoptics.com,willam-optik,DE,NEW_BATCH,2025-06-24
wippenham.riskommunal.net,Gemeinde Wippenham,AT,NEW_BATCH_DATAQA,2025-10-19
wir-steuerberater.de,Sozietaet Bratzke Steuerberater,DE,NEW_BATCH,2025-06-24
wohnen-muehle.ch,WOHNGENOSSENSCHAFT OBERE MÜHLE,CH,NEW_BATCH_JENKINS,2025-11-27
wrapfamily.ch,WrapFamily,CH,NEW_BATCH_JENKINS,2025-11-27
wytor.ch,Wytor,CH,NEW_BATCH_JENKINS,2025-11-27
xeediapharma.com,Xeedia,,NEW_BATCH_MANUAL,2025-10-10
xer-tech.com,Xer Technologies,CH,NEW_BATCH_JENKINS,2025-11-27
yaseminmedika.com,Yasemin Medikal Malzemeleri,TR,NEW_BATCH_MANUAL,2025-12-04
yikousushitea.com,YI KOU SUSHI TEA,CH,NEW_BATCH_JENKINS,2025-11-27
yoisungroup.com,Wenzhou Yosun Medical Technology,CN,NEW_BATCH_MANUAL,2025-12-04
zahnaerzte-gmuend.de,Zahnarztpraxis Dr.K,DE,NEW_BATCH_JENKINS,2025-12-02
zahnaerzte-huesmann.de,"Dr. med. dent. Mario Huesmann, Dr. med. dent. Timo Huesmann",DE,NEW_BATCH_JENKINS,2025-12-01
zahnaerzteteam-wemding.de,Zahnärzteteam Wemding,DE,NEW_BATCH_JENKINS,2025-12-01
zahnaerzte-wiblingen.de,Zahnärzte Wiblingen,DE,NEW_BATCH_JENKINS,2025-12-02
zahnaerztin-bensheim.de,Zahnarztpraxis Carole Benkert-Jockel,DE,NEW_BATCH_JENKINS,2025-12-01
zahnaerztin-kirchhellen.de,Sarah Winter,DE,NEW_BATCH_JENKINS,2025-12-01
zahnaerztinnen-hh.de,Frau Alexandra Thiel,DE,NEW_BATCH_JENKINS,2025-12-01
zahnaerztin-weissmann.de,Praxis Dr. Anne-Kathrin Neymann,DE,NEW_BATCH_JENKINS,2025-12-02
zahnarzt-boellinger.de,Praxis Am Schloss,DE,NEW_BATCH_JENKINS,2025-12-02
zahnarzt-breul.de,Zahnarztpraxis Breul (Wettringen),DE,NEW_BATCH_JENKINS,2025-12-01
zahnarzt-buechenbach.de,Zahnarztpraxis 360° - Dr. Niklas - Büchenbach,DE,NEW_BATCH_JENKINS,2025-12-01
zahnarzt-burglengenfeld.de,Zahnarzt Burglengenfeld,DE,NEW_BATCH_JENKINS,2025-12-01
zahnarzt-darmsheim-sindelfingen.de,Zahnstüble,DE,NEW_BATCH_JENKINS,2025-12-02
zahnarzt-dr.-gaertner.de,Dr. med. dent. Mirko Gaertner,DE,NEW_BATCH_JENKINS,2025-12-01
zahnarzt-gebhart.de,Zahnarztpraxis Steffen Gebhart,DE,NEW_BATCH_JENKINS,2025-12-01
zahnarzt-gevelsberg.com,"Praxisgemeinschaft Dr. Dieter F. Pfeiffer, Holger Pelz & Steffen Bischlipp",DE,NEW_BATCH_JENKINS,2025-12-01
zahnarzt-grabow.de,Zahnarztpraxis Christian Grabow,DE,NEW_BATCH_JENKINS,2025-12-02
zahnarzt-hrdina.de,Zahnärzte Hrdina,DE,NEW_BATCH_JENKINS,2025-12-02
zahnarzt-hulbert.de,Praxis für Zahnmedizin Dr. Hulbert & Kollegen,DE,NEW_BATCH_JENKINS,2025-12-02
zahnarzt-in-aub.de,Dr. med. dent. Kilian Hellmuth,DE,NEW_BATCH_JENKINS,2025-12-01
zahnarztjena.de,Zahnarztpraxis Dr. Andreas Bley,DE,NEW_BATCH_JENKINS,2025-12-02
zahnarzt-kaltenhaeuser.de,Zahnarztpraxis Dipl.-Stom. Gerhard Kaltenhäuser,DE,NEW_BATCH_JENKINS,2025-12-01
zahnarzt-knochenmuss.de,Zahnarztpraxis Knochenmuß,DE,NEW_BATCH_JENKINS,2025-12-02
zahnarzt-laussig.de,Zahnarztpraxis Dr. Stephan & Katharina Gozdowski,DE,NEW_BATCH_JENKINS,2025-12-01
zahnarzt-niederntudorf.de,Zahnarztpraxis an der alten Eiche,DE,NEW_BATCH_JENKINS,2025-12-01
zahnarztobereschbach.de,Zahnarztpraxis Ober - Eschbach,DE,NEW_BATCH_JENKINS,2025-12-01
zahnarztpraxis-brackenheim.de,Zahnarztpraxis Julia Maier,DE,NEW_BATCH_JENKINS,2025-12-02
zahnarztpraxis-hohenlohe.de,Zahnarztpraxis Dr. Elke Michl,DE,NEW_BATCH_JENKINS,2025-12-02
zahnarztpraxis-kurfuerst.de,Dr. Friedrich Kurfürst,DE,NEW_BATCH_JENKINS,2025-12-01
zahnarztpraxis-quadra.ch,Zahnarztpraxis Quadra Daniel Jankovic,CH,NEW_BATCH_JENKINS,2025-11-27
zahnarztpraxis-sommer-pham.de,Zahnarztpraxis Sommer & Pham,DE,NEW_BATCH_JENKINS,2025-12-02
zahnarztpraxis-wenzel-dahlen.de,Zahnarztpraxis Caterina Wenzel,DE,NEW_BATCH_JENKINS,2025-12-01
zahnarztpraxis-wollgramm.de,Zahnarztpraxis Sandra Wollgramm,DE,NEW_BATCH_JENKINS,2025-12-01
zahnarztpraxis-zirndorf.de,Zahnarztpraxis Lohmayer-Potoradi,DE,NEW_BATCH_JENKINS,2025-12-01
zahnarzt-seestrasse.de,Zahnärzte Seestraße,DE,NEW_BATCH_JENKINS,2025-12-02
zahnarzt-stockstadt.de,Zahnarztpraxis Petra Wöhner-Maaz,DE,NEW_BATCH_JENKINS,2025-12-01
zahn-doc-weimer.de,Zahnarzt Weimer Erbach,DE,NEW_BATCH_JENKINS,2025-12-01
zahneins.com,Zahneins,DE,NEW_BATCH,2025-07-17
zahnerhaltung-gunkel.de,Zahnarztpraxis Christiane Gunkel,DE,NEW_BATCH_JENKINS,2025-12-02
zahnmedizin-welzheim.de,Zahnmedizin Welzheim MVZ,DE,NEW_BATCH_JENKINS,2025-12-02
zahnzentrum-limbach.de,Zahnzentrum Limbach,DE,NEW_BATCH_JENKINS,2025-12-02
zanuco-treuhand.ch,Zanuco Treuhand,DE,NEW_BATCH_DATAQA,2025-09-16
zap-wahl.de,Zahnarztpraxis Ulrike Wahl,DE,NEW_BATCH_JENKINS,2025-12-01
zaun.ch,Schacher Zäune,CH,NEW_BATCH_JENKINS,2025-11-27
zellani.ch,Bellini Personal,CH,NEW_BATCH_JENKINS,2025-11-27
zellevenlifescience.com,Zelleven Lifescience,IN,NEW_BATCH_MANUAL,2025-10-10
zham-homecare.ch,ZHAM,CH,NEW_BATCH_JENKINS,2025-11-27
zingg-ag.ch,Zingg Gartenbau,CH,NEW_BATCH_JENKINS,2025-11-27
ziraketan.com,ZIRAKETAN,ES,NEW_BATCH_MANUAL,2025-12-04
zjky-bio.com,Zhejiang Kuaye Biotechnology,CN,NEW_BATCH_MANUAL,2025-12-04
zober.com,Zober Industries,US,NEW_BATCH_MANUAL,2025-12-09
zuerich-massage.com,ToP-Maxim,CH,NEW_BATCH_JENKINS,2025-11-27
zurunterensaege.ch,Thai Isaan Take Away KLG,CH,NEW_BATCH_JENKINS,2025-11-27
zytovision.com,ZytoVision,DE,NEW_BATCH_MANUAL,2025-10-10
