"sector_id","sector_name","sector_radius_km","parent_sector_id","first_log_id","last_log_id"
1,Advertising Agencies,25,,,
50,Aerospace and Defense,25,,,
2,Agriculture,25,,,
97,Alternative Asset Management,25,,,
3,Alternative Energy,25,,,
4,Apparel Retailers,5,,,
51,Apparels,25,,,
5,Asset Management,25,,,
96,Asset Management (consulting),25,,,
101,Asset Management (devel. fund),25,,,
99,Asset Management (diversified),25,,,
100,Asset Management (inv. holding),25,,,
98,Asset Management (sovereign wealth),25,,,
95,Asset Management (traditional),25,,,
82,Asset Servicing,25,,,
6,Automobiles and Auto Parts,25,,,
7,Banks,3,,,
8,Biotech,25,,,
9,Broadcasting,25,,,
52,Cable,25,,,
10,Chemicals,25,,,
53,Computer Hardware,25,,,
12,Construction and Engineering,25,,,
11,Construction Materials,25,,,
54,Consumer Lending,3,,,
13,Consumer Personal Products,25,,,
55,Consumer Products & Services,25,,,
56,Containers and Packaging,25,,,
14,Diversified Financials,3,,,
57,Diversified Retailers,3,,,
58,Education Services,25,,,
15,Electronic Equipment,25,,,
16,Entertainment,25,,,
59,Exchanges,25,,,
17,Food and Beverage,25,,,
60,Gambling,25,,,
19,Home Construction,25,,,
20,Home Improvement Retailers,10,,,
83,Institutional Brokerage,25,,,
22,Insurance Brokers,25,,,
61,Internet & Software Services,25,,,
21,IT Consulting,25,,,
62,Life Insurance,25,,,
63,Lodging,25,,,
24,Machinery and Equipment,25,,,
25,Medical Equipment and Supplies,25,,,
26,Metals and Mining,25,,,
64,Motion Pictures / Audio Visual,10,,,
65,Oil and Gas,25,,,
27,Online Services,25,,,
28,Other Energy,25,,,
66,Other Financials,25,,,
29,Other Industrials,25,,,
67,Other Materials,25,,,
68,Other Retailing,3,,,
69,Other Technology,25,,,
30,P&C and Reinsurance,25,,,
70,Petrochemicals,25,,,
31,Pharmaceuticals,25,,,
71,Pipelines,25,,,
72,Power,25,,,
32,Professional Services,25,,,
73,Publishing,25,,,
74,Pulp and Paper,25,,,
33,Real Estate Investment,25,,,
75,Real Estate Management,25,,,
76,REIT,25,,,
77,Retailing - Auto,10,,,
78,Retailing - Electronics,5,,,
34,Retailing - Food,3,,,
35,Semiconductors,25,,,
36,Software,25,,,
37,Specialty Retailers,3,,,
38,Telecommunications Equipment,25,,,
39,Telecommunications Services,25,,,
79,Tobacco,25,,,
40,Transportation,25,,,
80,Travel,25,,,
81,Water and Disposal Services,25,,,
41,Wealth Management / Brokerage,10,,,
42,Wireless,3,,,
23,Construction Services,250,,,
169,Technical Building Services,250,23,,
171,HVAC and Plumbing,250,23,,
172,Energy Renovation Consulting,250,23,,
174,Painting Services (Renovation/Insulation),250,23,,
176,Test,100,100,,
177,AI Conversation,25,21,,
178,Egovernment / GovTech,25,21,,
213,Medtech Services 2,25,,,
18,Healthcare Providers,3,,,
170,General Physicians,3,18,,
138,Orthopedic,10,18,,
139,Cardiology,10,18,,
179,Child and Youth Welfare,3,18,,
180,Medtech Services,25,,,
214,Medtech Services 3,25,,,
215,Wealth Management,10,,,
216,Insurance Brokerage,25,,,
217,Youth Mental Health Rehabilitation,3,18,,
102,Activist,25,97,,
43,Agricultural Banks,3,7,,
103,Aircraft Leasing,25,97,,
92,Alternatives,25,97,,
130,Automation,25,24,,
142,Aviation and Airport Software,25,36,,
87,Bakeries,3,34,,
93,Car Rental / Leasing,25,32,,
94,Car Sharing,25,32,,
134,Classifieds,25,27,,
45,Commercial Lending Banks,3,7,,
104,Commodities,25,97,,
44,Consumer Lending Banks,3,7,,
46,Credit-card Banks,3,7,,
140,Damage Repair and Remediation Services,25,12,,
105,Digital Assets,25,97,,
133,Ecommerce,25,27,,
122,ER&D,25,32,,
86,Fashion Retail Chain,5,4,,
137,Food Delivery,25,27,,
132,Hairdressers,25,55,,
106,Hedge Fund,25,97,,
107,Impact,25,97,,
91,Information Services,25,32,,
108,Infrastructure,25,97,,
109,Insurance-linked,25,97,,
47,International Banks,3,7,,
110,Litigation Finance,25,97,,
135,Meal Kits,25,27,,
48,Mortgage Lending Banks,3,7,,
111,"Music, Entertainment, Sports",25,97,,
90,Mutual Banks,3,7,,
136,Online Printing & Customization,25,27,,
121,Opticians,3,37,,
49,Other Banks,3,7,,
85,Outlet Centers,5,4,,
131,Pet Shops,3,37,,
112,Private Debt,25,97,,
113,Private Equity,25,97,,
114,Real Assets,25,97,,
115,Real Estate,25,97,,
116,Renewable Energy,25,97,,
89,Savings Banks,3,7,,
117,Secondaries,25,97,,
118,Sharia / Ethics,25,97,,
119,Solutions,25,97,,
84,Sports and Outdoor,5,4,,
120,Venture Capital,25,97,,
144,Metal Forming,25,6,,
145,Accounting Services,25,32,,
146,Aviation Maintenance and Repair,25,32,,
148,Metals Trading,25,26,,
149,Metal Recycling,25,29,,
150,Commercial Clients,25,22,,
151,Retail Clients,25,22,,
152,Mixed Clients,25,22,,
153,Tax Advisors,25,32,,
154,Alternative Asset Management - Other,25,97,,
155,Sample Sector,25,,,
156,Sample Subsector,25,155,,
157,Pharma Services,25,,,
218,"Access Systems, Security Electronics and Fencing Solutions",25,32,,
158,Commercialization,25,157,,
159,Packaging and Distribution,25,157,,
160,CDMO,25,157,,
173,Electrical Installation,250,23,,
123,Dialysis Services,3,18,,
126,Pharmacies,3,18,,
166,Material and Construction Material Testing,100,165,,
167,Companies from Jenkins,25,,,
175,Guardrail Installation and Maintenance,250,23,,
163,Cable and Pipeline Network Engineering,250,23,,
143,Damage Repair and Remediation,250,23,,
165,"Testing, Inspection and Certification",250,23,,
129,Veterinary Care,3,18,,
127,Rehabilitation & Therapy,3,18,,
124,Clinics & Acute Care,3,18,,
147,Fitness and Wellness Facilities,3,18,,
161,Elderly Care / Assisted Living,3,18,,
125,Dentists,3,18,,
164,Laboratories,3,18,,
168,Palliative Care,3,18,,
