"cib_id","sector_id"
aap-joints.com,25
abacoadjusters.com,22
abgagservices.com,214
abu-gmbh.ch,167
abundantlivinginsurance.com,22
abundantprotectionsolutions.com,22
accorda.ch,167
accuvest.com,41
achermann.net,167
achievebio.com,167
acuity.co,32
aegiswealth.com,41
afbs.ch,167
afsplanning.com,41
agrodeal.ch,167
aimamba.com,167
aircraftinsurance.net,22
alarm-tec.de,32
alarm-tec.de,218
alatiyahinv.com,97
alatiyahinv.com,154
albisrestaurant.ch,167
albrn.webnode.page,167
algieba-treuhand.ch,167
alieschconsulting.ch,167
alioth.group,97
alioth.group,108
aljenam.com,41
allositetx.com,167
almon.in,167
alogra.ch,167
altiushospital.com,167
amando-sozialmanagement.de,18
amando-sozialmanagement.de,179
ambienteverde.ch,167
amcovet-maroc.com,167
americansleepdentistry.com,214
amerisourcebergen.com,25
amgroupnepal.com,167
ammann-luperdi.de,25
ammann-luperdi.de,180
amrein-ag.ch,167
anateresafernandez.com,167
angelogordon.com,97
angelogordon.com,115
anna-deco.ch,167
annemarie-leibundgut.ch,167
antaresfid.com,167
aperohcatering.ch,167
apotheke-am-torturm.de,167
apotheke-katharinenhof.de,167
aquaform.ch,167
aquapol.it,167
aquasyn.com,167
aragen.com,214
arasetherapeutics.com,167
arboretum.bio,167
archbaum.ch,167
archerresearch.eu,158
archerresearch.eu,214
archhoefe-textil.ch,167
ardival.ch,167
a-reinhard.ch,167
arola-alfred-rochat.ch,167
arte-danza.ch,167
artlesswealth.com,215
arvi.ch,167
arztpraxis-ilic.ch,18
arztpraxis-ilic.ch,170
asens-guardian.com,25
asesordeinversiones.com,41
ashleypharmatech.in,167
assisteffano.it,216
astenis.ch,167
atelier-dichiara.ch,167
atomos.co.uk,215
audite-gmbh.de,32
audite-gmbh.de,153
augenklinik-wettingen.ch,167
augenoptik-karwath.de,37
augenoptik-karwath.de,121
augustinmon.ch,167
austerepharma.in,167
austintaylorinsurance.com,22
automobile-wohlensee.ch,167
autorosenberg.ch,167
auto-stieger.ch,167
autowerk-ruchti.ch,167
avatar-moving.com,167
avenuechemists.com,167
avertamain.ch,167
ayalainsurance.com,22
baconchevrolet.net,22
badzauber.com,23
badzauber.com,171
baeckerei-schmidt.de,34
baeckerei-schmidt.de,87
baeumers.de,23
baeumers.de,171
baffanobrokers.com,22
bagger-zueger.ch,167
bam.com,157
bam.com,214
bannalp.ch,167
barbellperformance.ch,167
barkerpoland.co.uk,215
basaltec.ch,167
basf.ch,18
basf.ch,170
bauadvisors.com,41
bauer-baumschulen.ch,167
baukanzlei.org,167
baumgartner.grienschgl.at,32
baumgartner.grienschgl.at,153
bauschmidt.haus,23
bauschmidt.haus,172
bayoocare.com,180
bdmanagement.ch,167
bealemarine.com,22
beaulieu.ch,18
beaulieu.ch,170
beautycave.in,167
begra-herne.de,32
begra-herne.de,153
benefirstsolutions.com,22
benewmedical.fr,25
benjaminbarakat.com,167
bergerbau.ch,167
bernardi.ch,167
bernardo-coffee.ch,167
bernaroof.ch,167
bernerbewegung.ch,167
bessergipsen.ch,167
betz-technik.de,23
betz-technik.de,173
bgbasel.ch,167
bienkowski.czest.pl,167
bikeuncle.ch,167
biogenericpharma.com,167
biolog-heppe.de,167
biomarine.bio,167
biover.com,167
birindelli.com,77
blaesi-motos.ch,167
blechrollerbox.ch,167
bluemechaeller.de,167
bluemeria.ch,167
bluemilk.ch,167
blutest.com,167
bnzk.ch,167
bodensee-zahnarzt.de,18
bodensee-zahnarzt.de,125
boeck-kabelpflug.de,23
boeck-kabelpflug.de,163
boesl-med.de,25
bonnsmile.de,18
bonnsmile.de,125
boutiquemyown.ch,167
bowsidecapital.com,41
bplmedicaltechnologies.com,25
brambles.com,32
brambles.com,153
brandcenterusa.com,167
braveport.com,22
bremer-immobilien.de,22
bremer-immobilien.de,151
bremerproaqua.de,23
bremerproaqua.de,169
bridgespecialtygroup.com,22
brioche.lu,34
brioche.lu,87
britecyte.com,167
brothandgemacht.de,34
brothandgemacht.de,87
bruinbiometrics.com,25
bsgco.com,32
buchalik-broemmekamp.de,32
buchhandlung-amkronenplatz.ch,167
buechel-schreinerei.ch,167
bundiundbundi.ch,167
burkhalter-elektro.ch,167
burkhardtag.ch,167
bwa-steuerberatung.de,32
bwa-steuerberatung.de,153
caat.ch,18
caat.ch,170
calonder-blumen.ch,167
camarco.co.uk,32
campus-nes.de,18
campus-nes.de,127
campus-nes.de,168
capricedutemps.com,167
capricorncapital.nl,97
capricorncapital.nl,115
capricorncapital.nl,120
caritas-castrop-rauxel.de,18
caritas-castrop-rauxel.de,168
carlosweiss.de,55
carronexcursions.ch,167
caryouneed.ch,167
casa-cattai.ch,167
catherinebennettaca.co.uk,32
catherinebennettaca.co.uk,153
cbiholdings.com,22
cefadvisors.com,41
cellomaticsbio.com,180
cepsa.ch,167
certifid.com,22
cesag.ch,167
cfm.com,41
cfosim.com,216
change-coaching-gmbh.ch,167
channelcapital.io,32
cheynecapital.com,32
chiveda.ch,167
ch.ompharma.com,167
chromacode.com,167
ciacardetailing.ch,167
cifc.co.uk,32
circlebio.nl,167
cityelectro.ch,167
claremontbusinessgroup.com,22
cleftalign.com,25
cmc-luzern.ch,167
colarionpartners.com,97
coles.kennesaw.edu,97
coles.kennesaw.edu,104
coles.kennesaw.edu,113
coles.kennesaw.edu,114
coles.kennesaw.edu,115
coles.kennesaw.edu,116
coles.kennesaw.edu,120
concordebrokerage.com,22
confiserie-braendli.ch,167
consonance.tech,25
consonance.tech,214
controlware.de,21
cosmetics-therapie.ch,167
cptu.org.uk,180
credit-suisse.com,7
cresilon.com,167
crichtoninsurance.com,22
crisam.pe,167
csvm.ch,18
csvm.ch,170
cutlerandgross.com,25
cutlerandgross.com,157
dabpharmservice.com,167
daneopartners.ch,167
das-frisurenteam.de,55
das-ladenlokal.ch,167
dastaggenberg.ch,167
data-tiefbau.de,23
data-tiefbau.de,163
davisprivatewealth.com,41
dbo-treuhand.ch,167
dec-systemes.ch,167
dectris.com,167
delmesefischer.ch,167
demharter-partner.de,32
demharter-partner.de,153
demoteks.web.tr,25
denmarkpharma.com,167
design-management.ch,167
dgr-wpg.de,32
dgr-wpg.de,153
diakoneo.de,18
diakoneo.de,168
diakonie-gotha.de,18
diakonie-gotha.de,179
diaverum.com,18
diaverum.com,123
diemundgesundheitspraxis.de,18
diemundgesundheitspraxis.de,125
diepolsterin.ch,167
dietrich-architekten.ch,167
dil.ch,167
dimaitalia.com,25
dimaitalia.com,157
dimax.ch,167
dinlokaleklinik.dk,167
direktkurier.ch,167
dms.swiss,167
dock8.ch,167
domaine-chiquet.ch,167
dorfgarage-killwangen.ch,167
downlineinsurance.com,22
drbasten.de,18
drbasten.de,125
drbauer-co.de,41
dr-behm.de,18
dr-behm.de,125
dr-berit-rau.de,18
dr-berit-rau.de,125
dreh-gmbh.ch,167
dr-hennecke-nitsche.de,18
dr-hennecke-nitsche.de,125
dr-huelsmann.net,18
dr-huelsmann.net,125
drivecure.in,167
dr.liebensohn.de,18
dr.liebensohn.de,125
drogerie-studer.ch,167
dr-schemel.de,18
dr-schemel.de,125
drspies.de,18
drspies.de,125
dr-stermann.de,18
dr-stermann.de,125
dr-weigel-whv.de,18
dr-weigel-whv.de,125
ds-deutsche-steuerberatung.de,32
ds-deutsche-steuerberatung.de,153
dt-consulting.com,158
dt-consulting.com,180
durynek-stake.de,18
durynek-stake.de,125
dusucre-macarons.de,34
dusucre-macarons.de,87
earthoptics.com,167
eastexinsurance.com,22
eatpac.ch,167
eberhard-gartenpflege.ch,167
ecoblast.ch,167
ecopio.com,167
ecosand.ch,167
egica.ch,167
eisenhorn.com,167
elektro-adelmann.de,32
elektro-adelmann.de,218
elektro-schlecker.de,23
elektro-schlecker.de,169
eliascoiffeur.ch,167
elixirbiz.com,32
emmentaler-pizza-kebap.ch,167
empiristat.com,214
enaba.ch,167
energieberatung-steichele.de,23
energieberatung-steichele.de,172
energoflow.com,167
en.towardpi.com,25
envasachet.cl,167
envirochemie.com,167
erdi.ch,167
erfahrungsstark.com,167
ermatingen.ch,167
erosworld.ch,167
eryse.ch,167
es.calibrescientific.com,25
espoir-verlag.ch,167
estragenpharma.com,167
etm-gmbh.ch,167
exertusfinancialpartners.com,22
ext.vt.edu,167
fairfieldstax.co.uk,32
fairfieldstax.co.uk,153
familiengarten-zollikofen.ch,167
famillechapuisat.ch,167
fapa-ag.ch,167
farben-mueller.ch,167
felixmartin.ch,167
feratitransporte.ch,167
fg-bueroservice.ch,167
fianostics.at,25
fideliatreuhand.ch,167
fidelisins.com,22
fidesexperta.ch,32
fidesexperta.ch,145
fidz.ch,32
fidz.ch,145
finn-insurance.com,22
firehouseins.com,22
firmensitzschweiz.de,167
firstance.com,22
firstance.com,216
firstaztitle.com,22
firstdirect.ch,167
flaach.ch,167
flatrockglobal.com,97
flatrockglobal.com,112
flexipers.ch,167
floeck-gartenbau.ch,167
floessertreuhand.ch,167
floralnote.ch,167
fondue-burg.com,167
foracare.ch,25
formulationexperts.com,167
fortador.swiss,167
forumtfi.pl,5
foxmain.com,32
foxmain.com,153
foyer-handicap.ch,18
foyer-handicap.ch,170
foyer-handicap.ch,213
fpassociatesltd.co.uk,32
fpassociatesltd.co.uk,153
fraktala.ch,167
fricke-augenoptik.de,37
fricke-augenoptik.de,121
frieda.org,167
friedliofenbau.ch,167
friendlypawspetresort.com,167
friseur-ausderwieschen.de,55
friseurxtreme.de,55
fromufoot.com,214
frontierdevices.com,25
fuerst-und-kreitsch.de,32
fuerst-und-kreitsch.de,153
functiomed.ch,18
functiomed.ch,170
futtermittelmarkt.com,37
futtermittelmarkt.com,131
futuraluce.ch,167
futureofoliveoil.org,167
g3medical.nl,25
g3medical.nl,157
galledia-event.ch,167
garagefasel.ch,167
garagemarenghi.ch,167
garagescheuren.ch,167
gastrobrodard.ch,167
gastrosurance.de,22
gastrosurance.de,152
gavrilovic.ch,167
gb-tech.ch,167
gehring-partner.de,32
gehring-partner.de,153
genetec.com,25
genoverde.com,167
geo4me.ch,167
ghpartner.de,32
ghpartner.de,153
giammarino.ch,167
glasmax.ch,167
gleetopia.com,22
g-leu.ch,167
globalpatentsolutions.com,167
glslab.com,214
gm7comptabilite.ch,167
gms.ca,30
gngoodnutrition.com,167
goldenberg-immobilien.ch,167
goldenwealthmgmt.com,22
goldstarmed.com,25
goldstarmed.com,214
goodpharmaceutical.com,167
gra-no.ch,167
granunutzfahrzeuge.ch,167
greensys.ch,167
gribbohmer.de,22
gribbohmer.de,152
grischa-kaelte.ch,167
groupe-t2i.com,167
grp.ch,167
gynelang.ch,167
haneke.de,178
hapila.de,167
hardingfp.com,22
harraspharma.de,167
harvestinvestment.de,167
harveyinvestment.com,41
hauswart-reinigung.ch,167
haute-sorne.ch,167
hawel.com,153
hbkiv.de,18
hbkiv.de,179
hbwadvisory.com,41
healthniture.com,25
healthwing.fi,167
heidelberg-pharma.com,167
heise-apps.de,18
heise-apps.de,125
heizung-frey.net,23
heizung-frey.net,171
heizungsbau-nord.de,23
heizungsbau-nord.de,171
helbling-landtechnik.ch,167
helvetica-power.org,167
hemelinger-apotheke.de,167
henlez.com,167
herbnutritionals.com,167
herrindrug.com,167
hersberger-revi.ch,32
hersberger-revi.ch,145
hertli-autoelektro.ch,167
hilbert.group,97
hilbert.group,154
hillislandfinancial.com,41
hochuli-partner.ch,167
hoefner-apotheke.ch,167
hofbauer-stb.at,153
hosketulen.com,22
hospitec.ch,213
hospiz-meppen.de,18
hospiz-meppen.de,168
hospizstuhr.de,18
hospizstuhr.de,168
hostettler-mode.ch,167
hpeirl.com,167
hp-installationen.de,23
hp-installationen.de,171
hpup.de,32
hpup.de,153
hsp-ag.ch,167
hugentobler-gartenbau.ch,167
hugojacobs.ch,167
hunstiger.de,37
hunstiger.de,121
ibispharma.com,167
ibscapital.com,41
icetech.ch,167
icomsaludips.com,97
icomsaludips.com,154
ihre-gesundheit.ch,167
ihr-zahnarzt-stuttgart.de,18
ihr-zahnarzt-stuttgart.de,125
ikpartners.com,97
ikpartners.com,113
imaginefinancial.net,22
immo-bm.ch,167
immodyrag.ch,167
imsec.ac.in,167
imz-treuhand.ch,167
ingos-tierfreund.de,37
ingos-tierfreund.de,131
ingredienzabern.ch,167
innosignbio.com,167
insighters.cz,32
insurancecataleya.com,22
insuranceking.com,22
interrisk.pl,30
intersys.ch,167
irba.co.za,32
isec.ch,167
ispe.ru,167
jacquesdurand.com,25
jenere.com,167
jenfotoart.ch,167
josefzholi.ch,167
jostores.ch,167
jp-steuerberatung.de,32
jp-steuerberatung.de,153
jriva.com,22
jssresearch.com,158
jssresearch.com,214
judith-gmbh.de,23
judith-gmbh.de,172
julnar-hc.com,167
junik-gartenbau.ch,167
juvaplus.com,25
kaefer-kaefer.de,32
kaefer-kaefer.de,153
kaeufer-versicherungsmakler.de,22
kaeufer-versicherungsmakler.de,152
kastra.ch,167
kaufmanrossin.com,32
kdzug.ch,32
kdzug.ch,145
keevilyworkcomp.com,30
kellenberger-olten.ch,167
keller-motos.ch,167
kempfmetallbau.ch,167
kfkb.se,167
kfo-dr-staub.de,18
kfo-dr-staub.de,125
kfo-wessel.de,18
kfo-wessel.de,125
kieferchirurgie-wolfsburg.de,18
kieferchirurgie-wolfsburg.de,125
kieferdocs.de,18
kieferdocs.de,125
kienberger-fensterbau.ch,167
kinesiologie-bien-avec-soi.ch,167
kipferhuber.ch,167
kjf-wuppertal.de,18
kjf-wuppertal.de,179
klaus-groth-apotheke.de,167
klavierhandwerk.ch,167
klein-engineering.ch,167
kleverlab.eu,167
klinik-prof-schedel.de,18
klinik-prof-schedel.de,127
klinikumdo.de,18
klinikumdo.de,125
klinikumdo.de,168
klinikum-oberberg.de,18
klinikum-oberberg.de,168
kneer.ch,167
kolping.ch,167
konzept-b2.de,18
konzept-b2.de,125
kopp-fenster.ch,167
kpgcapitalpartners.com,97
kpgcapitalpartners.com,104
kpgcapitalpartners.com,106
kpgcapitalpartners.com,115
kpgcapitalpartners.com,116
kpgcapitalpartners.com,120
kreisreklame.ch,167
kreisschule-surbtal.ch,167
kressibucher-shop.ch,167
kriesi-optik-kloten.ch,167
kunz-indecor.ch,167
kurz-moessner.de,32
kurz-moessner.de,153
kwp.de,32
kwp.de,153
labelsaffaires.ch,167
laboratoirelcv.com,167
landbrot-online.de,34
landbrot-online.de,87
lang-partner.at,153
larahaardesign.de,55
lattis.com,41
lbforsikring.dk,30
lebens-art.li,167
lebenshilfe-barnim.de,18
lebenshilfe-barnim.de,179
lecazard.ch,167
leloftcoiffure.ch,167
leucht-meckel.de,32
leucht-meckel.de,153
lifestyle-landsberg.de,55
lightcap.co,41
lizard-health.com,180
lltcpa.ca,32
loewenzahn-harb.de,18
loewenzahn-harb.de,125
logopaedie-seidler.net,32
logopaedie-seidler.net,153
loi-bistro.ch,167
luond.ch,34
luond.ch,87
luxfer.com,167
mahlstedt-bau.de,37
mahlstedt-bau.de,121
maierbuenterag.ch,167
malerhess.ch,167
mandarin-thaimassage.com,167
mandomarketing.com,22
manser-treuhand.ch,167
marga-buehrig.ch,167
marketseguros.com.co,22
marrado.ch,167
martyag.com,167
masttro.com,167
maxbiopharma.com,167
mb.bluecross.ca,30
mcdcap.com,41
medecin-chexbres.ch,18
medecin-chexbres.ch,170
medentist.de,18
medentist.de,125
medhair.ch,167
medisativa.mx,167
medisleep.co.kr,25
mediumsatz.ch,167
medniqa.com,167
medquimica.ind.br,167
medserve.ch,25
medserve.ch,167
medtechbeeler.ch,167
meer.ch,167
mehrconcepts.ch,167
meingarten-abo.ch,167
melfu.cn,167
melknigg.ch,167
membrapure.de,25
mentha.ch,167
merlinbio.com.cn,25
merlinbio.com.cn,157
metzgerei-schulthess.ch,167
mfpglobal.com,22
michaelsven.com,167
midding.de,32
midding.de,153
mipsalus.dk,167
mirath.com,97
mirath.com,120
mirath.com,154
mkg-forchheim.de,18
mkg-forchheim.de,125
mkg-muehlhausen.de,18
mkg-muehlhausen.de,125
mkg-neuschl.de,18
mkg-neuschl.de,125
mobile-campingwerkstatt.ch,167
modgut.com,167
molkerei-neff.ch,167
monere.ch,167
monsatec.ch,167
morgan-lloyd.co.uk,41
moserga.ch,167
mpc.cc,214
msi-immo.ch,167
muehli.ch,167
mukeshraj.com,32
murg.ch,167
musikhaus-trueb.ch,167
mw-steuerberatung.at,153
myeat.ch,167
myswissmassage.ch,167
natoli-ipo.ch,167
netage.ch,167
neuechanceberlin.de,18
neuechanceberlin.de,179
neurovirtual.com,25
newriselifescience.com,167
nexotx.com,167
nexter.pl,167
nicola-planz.de,18
nicola-planz.de,125
novaltec.ch,167
nsr-stb.de,32
nsr-stb.de,153
nuainsurance.com,22
nutztiergesundheit-schweiz.ch,167
oberbergische-apotheke.de,167
octobit.ch,167
ofenland.ch,167
oka-tec-ag.com,167
oliarte.ch,167
onchillespharma.com,167
oncogene.no,167
optikbauer-riegelsberg.de,37
optikbauer-riegelsberg.de,121
optik-kleinlosen.de,37
optik-kleinlosen.de,121
optik-weiss.de,37
optik-weiss.de,121
optik-winner.de,37
optik-winner.de,121
optikzellner.de,37
optikzellner.de,121
optimusfamily.com,32
oriheal.com,167
orionpharma.com,167
orthoglauser.ch,167
ortho-labor.ch,167
outsetglobal.com,83
parametricsmedical.com,167
park-apotheke-arnsberg.de,167
partnersadvisers.com,97
partnersadvisers.com,154
passe-ton-permis.ch,167
pathovet.cl,167
pbtproject.com,167
pc-hilfe-50plus.ch,167
pectra.ch,167
peifunds.com,41
perfuze.com,25
personalmagnet.ch,167
pettable.com,22
physiotherapie-flumenthal.ch,167
piazza-meraviglia.ch,167
pilindia.in,167
pittsburghplastics.com,214
pkt-group.com,167
placetec.ch,167
planr.ch,167
plantex.ch,167
planwithm.com,41
plexis.ch,167
plugandhealth.com,25
po-pa.ch,167
praxis-evident.de,18
praxis-evident.de,125
praxis-grundel-mayer.de,18
praxis-grundel-mayer.de,125
praxisleutschen.ch,18
praxisleutschen.ch,170
praxis-meilen.ch,167
praxismuehlenbeck.de,18
praxismuehlenbeck.de,125
praxissauerzweig.de,18
praxissauerzweig.de,125
praxis-weidenboden.ch,18
praxis-weidenboden.ch,170
praxis-wuerden.de,18
praxis-wuerden.de,125
prematic.ch,167
prescouter.com,214
proaxsis.com,167
procap-sga.ch,167
promotec.com.co,22
psychotherapie-saraci.ch,167
puntodibellezza.ch,167
pva.at,22
qdata.info,167
qprotyn.com,167
qualitylabs.cl,167
radiant.co.rw,30
raxtechnology.com,167
rcsadvisor.com,41
realstargroup.com,32
realstargroup.com,153
reengagetx.com,167
regenage.ro,167
rehamedpower.de,25
rel-steuer.de,32
rel-steuer.de,153
remedytechnologies.eu,25
remmers-backstube.de,34
remmers-backstube.de,87
reparatur-werk.ch,167
rep-center.ch,167
researchamericainc.com,32
retero.ch,167
rettenmaier.uk,167
revamp-it.ch,167
revee.it,25
rhcontabilidade.com.br,32
rheinprecision.com,214
rheuma-eisen-zentrum.ch,18
rheuma-eisen-zentrum.ch,170
rhex.ch,167
richter-feierabend.de,18
richter-feierabend.de,125
richter-steuer.de,32
richter-steuer.de,153
rickinger-dresden.de,23
rickinger-dresden.de,169
rigibohr.ch,167
rima-bauleistungen.ch,167
ringieraxelspringer.pl,167
ripethinking.co.uk,30
riseins.com,22
riskbrokersolutions.co.za,22
ristoranteilsalento.ch,167
ristorantepizzerialafortuna.ch,167
riveraintech.com,25
robertweiss.ch,167
robiotec.com,167
roburis.ch,167
roncalli-apotheke-bonn.de,167
rpg.co.uk,32
rrv.ch,167
russellstone.co.za,97
russellstone.co.za,104
russellstone.co.za,108
russellstone.co.za,114
russellstone.co.za,115
russellstone.co.za,116
russellstone.co.za,120
rutschi-partner.ch,32
rutschi-partner.ch,145
rwdtx.com,167
rwrwv.com,22
ryser-kurier.ch,167
sai-infusion.com,25
saiinsure.ca,22
sail.ch,167
salixservices.com,167
salon130a.de,55
salon-heckel.de,55
salon-lehr.de,55
salzmannone.com,167
samplecompany1030.com,155
samplecompany1030.com,156
samplecompany1361.com,155
samplecompany1361.com,156
samplecompany1508.com,155
samplecompany1508.com,156
samplecompany1555.com,155
samplecompany1555.com,156
samplecompany1781.com,155
samplecompany1781.com,156
samplecompany1837.com,155
samplecompany1837.com,156
samplecompany2378.com,155
samplecompany2378.com,156
samplecompany2478.com,155
samplecompany2478.com,156
samplecompany2509.com,155
samplecompany2509.com,156
samplecompany2660.com,155
samplecompany2660.com,156
samplecompany2866.com,155
samplecompany2866.com,156
samplecompany2870.com,155
samplecompany2870.com,156
samplecompany3184.com,155
samplecompany3184.com,156
samplecompany3385.com,155
samplecompany3385.com,156
samplecompany3444.com,155
samplecompany3444.com,156
samplecompany3915.com,155
samplecompany3915.com,156
samplecompany3950.com,155
samplecompany3950.com,156
samplecompany3984.com,155
samplecompany3984.com,156
samplecompany4.com,155
samplecompany4.com,156
samplecompany5411.com,155
samplecompany5411.com,156
samplecompany5554.com,155
samplecompany5554.com,156
samplecompany5744.com,155
samplecompany5744.com,156
samplecompany990.com,155
samplecompany990.com,156
sandiegocounty.gov,167
sanotrade.ch,167
santarosasmog.com,167
scallianceins.com,22
scheuer.koeln,23
scheuer.koeln,171
schmitte-praxis.ch,18
schmitte-praxis.ch,170
schoepf-living.ch,167
schornstein-sauerland.de,32
schornstein-sauerland.de,153
schreinerei-sperb.ch,167
schulearni.ch,167
scierie-perisset.ch,167
scmdirect.com,41
sedia.ch,25
seedorf-uri.ch,167
sehhaus-herrsching.de,37
sehhaus-herrsching.de,121
sehne.de,34
sehne.de,87
sema-fertiggarage.ch,167
senseisurgical.com,25
service-pro.ch,167
shamrockcap.com,97
sharpedgesurgimed.com,25
sharpsmws.com,167
shc-software.ch,167
sicherheitstechnik-kommunikation-deutschland.de,23
sicherheitstechnik-kommunikation-deutschland.de,173
silikon-fugen.ch,167
siwacom.ch,167
sjdisposable.com,25
skorelab.ch,167
smartnucl.com,167
snowballwm.com,41
softwarepoint.com,214
solpro.ch,167
somru.ca,167
southeastinsure.com,22
sovieroassetmanagement.com,41
sportbahnen-jaunpass.ch,167
sportpferde-vom-oberhof.ch,167
spqrcostruzioni.ch,167
spsprocess.com,167
srisawanagency.com,22
staernehimu.ch,167
stampdutyrelief.co.uk,32
stampdutyrelief.co.uk,153
star-am.com,95
starnails-luzern.ch,167
star-transport.ch,167
stb-muc.de,32
stb-muc.de,153
stb-schwarzinger.at,153
steakhouse-brunnen.ch,167
steuerberater-koch-kollegen.de,32
steuerberater-koch-kollegen.de,153
steuerkanzlei-engl.de,32
steuerkanzlei-engl.de,153
stewartco-cpa.com,32
stichundstrich.ch,167
stiuvou.ch,167
stoermetzg.ch,167
storck-gmbh.de,32
storck-gmbh.de,218
studerfamilyoffice.com,167
studio-del-arte.de,55
stute-bielefeld.de,18
stute-bielefeld.de,125
sublime-esthetics.ch,167
suedstadt-apotheke.de,167
sunsetresourcesgroup.com,167
sunvou.com,25
svk-art.com,167
sweetrich.cn,25
swindonaccountants.com,32
swindonaccountants.com,153
swiss4ward.com,167
swissblock.net,167
swissfr.ch,167
swissinnovations.com,167
swissmico.ch,167
swiss-paracord.ch,167
swiss-selfgarage.ch,167
syncbiosystems.com,25
sysinfra.ch,167
tabbico.com,22
tab-kanzlei.de,32
tab-kanzlei.de,153
talajvizsgalo.hu,167
tamarandpharezltd.com,167
tanner-treuhand.com,32
tanner-treuhand.com,145
taoconsultant.com,22
tapetenschweiz.ch,167
tax-arts.ch,167
taxexperts.at,153
taxresolute.co.uk,32
taxresolute.co.uk,153
taziotatti.ch,167
tds1881.com,167
telecomservices.ch,167
telperian.com,167
temp.annettpaszkierzahnärzti.de,18
temp.annettpaszkierzahnärzti.de,125
temp.b000527156.it,216
temp.b000675574.it,216
temp.b000748523.it,216
temp.bagdrnicolindemannjankurtz-hoffmannkollegenleipzig.de,18
temp.bagdrnicolindemannjankurtz-hoffmannkollegenleipzig.de,125
temp.baierinesheidenau.de,18
temp.baierinesheidenau.de,125
temp.bankgloucester.com,7
temp.bankofwolcott.com,7
temp.baustian,18
temp.baustian,125
temp.bckereireuther.com,34
temp.bckereireuther.com,87
temp.becke,18
temp.becke,125
temp.belartpeider.ch,18
temp.belartpeider.ch,170
temp.betreuungsteammecklenburgvorpommern.com,18
temp.betreuungsteammecklenburgvorpommern.com,179
temp.bransonbank.com,7
temp.devonbank.com,7
temp.dipl-stomatsylkelerche,18
temp.dipl-stomatsylkelerche,125
temp.dipl-stommesserschmidtdrmesserschmid.de,18
temp.dipl-stommesserschmidtdrmesserschmid.de,125
temp.drarnoschäffer.de,18
temp.drarnoschäffer.de,125
temp.drbalaommundgesundbarßelzmvzgmbh.de,18
temp.drbalaommundgesundbarßelzmvzgmbh.de,125
temp.drchristianmülle.de,18
temp.drchristianmülle.de,125
temp.drdominiquedurrer.ch,18
temp.drdominiquedurrer.ch,170
temp.drhubertusbeik.de,18
temp.drhubertusbeik.de,125
temp.drjörgschwitallazahnarztjenswestermannzahnarztandreasnußbicke.de,18
temp.drjörgschwitallazahnarztjenswestermannzahnarztandreasnußbicke.de,125
temp.drmanuelayesi.de,18
temp.drmanuelayesi.de,125
temp.drmeddentannebuschmeier.de,18
temp.drmeddentannebuschmeier.de,125
temp.drmeddenteminelind.de,18
temp.drmeddenteminelind.de,125
temp.drmeddentirenatinzmann.de,18
temp.drmeddentirenatinzmann.de,125
temp.drmeddentstephanmüller.de,18
temp.drmeddentstephanmüller.de,125
temp.drralfmannke.de,18
temp.drralfmannke.de,125
temp.drutegretchenelisabethkröpelin-weber.de,18
temp.drutegretchenelisabethkröpelin-weber.de,125
temp.firstnationalbankofhereford.com,7
temp.firstsavingsbankjeffersonvillein.com,7
temp.fraudrastridfelden.de,18
temp.fraudrastridfelden.de,125
temp.gemeinschaftspraxis.ch,18
temp.gemeinschaftspraxis.ch,170
temp.gerhardgneistzahnärzt.de,18
temp.gerhardgneistzahnärzt.de,125
temp.greatsouthernbankreedsspringks.com,7
temp.hausarztpraxisblum.ch,18
temp.hausarztpraxisblum.ch,170
temp.heartlandstatebankredfieldsd.com,7
temp.infirstbank.com,7
temp.jensstangl.de,18
temp.jensstangl.de,125
temp.jürgenbarth.de,18
temp.jürgenbarth.de,125
temp.katharinasalvese.de,18
temp.katharinasalvese.de,125
temp.kindredstatebank.com,7
temp.lebbrandenburgev.com,18
temp.lebbrandenburgev.com,179
temp.mandywarzitz.de,18
temp.mandywarzitz.de,125
temp.mhlenbckereibost.com,34
temp.mhlenbckereibost.com,87
temp.mohamedabohamadazahnarz.de,18
temp.mohamedabohamadazahnarz.de,125
temp.mortoncommunitybank.com,7
temp.praxisdrchristostsiaousidi.de,18
temp.praxisdrchristostsiaousidi.de,125
temp.praxisdrmeddentthomasschleihau.de,18
temp.praxisdrmeddentthomasschleihau.de,125
temp.praxisheide.de,18
temp.praxisheide.de,125
temp.praxisirinaprussdrmedthomasprus.de,18
temp.praxisirinaprussdrmedthomasprus.de,125
temp.praxismitrakalirad-schneide.de,18
temp.praxismitrakalirad-schneide.de,125
temp.praxisralf-michaelnosk.de,18
temp.praxisralf-michaelnosk.de,125
temp.praxisspiekerman.de,18
temp.praxisspiekerman.de,125
temp.simondolburdzahnarz.de,18
temp.simondolburdzahnarz.de,125
temp.sparkasseborken-schwalmstadt.com,7
temp.sparkasseborken-schwalmstadt.com,89
temp.sterlingstatebank.com,7
temp.thebrookvillebuildingandsavingsassociation.com,7
temp.thestatebankfentonmi.com,7
temp.thomasostwald.de,18
temp.thomasostwald.de,125
temp.torbensaschabovermann.de,18
temp.torbensaschabovermann.de,125
temp.volksbankeglohnedinklagesteinfeldmhlenbankstellesteinfeld.de,7
temp.volksbankeglohnedinklagesteinfeldmhlenbankstellesteinfeld.de,90
temp.zahnarztafshinborn.de,18
temp.zahnarztafshinborn.de,125
temp.zahnarztandrémeye.de,18
temp.zahnarztandrémeye.de,125
temp.zahnarztbassameli.de,18
temp.zahnarztbassameli.de,125
temp.zahnarztdipl-medgeorgschuber.de,18
temp.zahnarztdipl-medgeorgschuber.de,125
temp.zahnärztinutagabber.de,18
temp.zahnärztinutagabber.de,125
temp.zahnarztmaximilianblas.de,18
temp.zahnarztmaximilianblas.de,125
terpenia.eu,167
tethys.fr,97
tethys.fr,154
tetris-assurance.com,22
teufel-international.com,25
textilpflege27.ch,167
tglbiosc.com,167
theclinivex.com,167
thecoolswiss.com,167
thesabinagency.com,22
thomaskuenzle.ch,167
tissuelabs.com,167
tk-capital.de,41
topkitt.ch,167
topomed.gr,25
topsbetter.com,25
top-speedy-clean.ch,167
tozerseeds.com,25
trailsupply.ch,167
treuhand-wespe.ch,32
treuhand-wespe.ch,145
trevorjones.co.uk,32
trevorjones.co.uk,153
truefalse.ch,167
trustab.com,22
tuboly-astronic.ch,167
turicum-broker.ch,167
twinsurance.com,22
typiir.de,25
unboxingbiotech.com,167
unique-united.com,167
unisieve.com,167
untergrenchenberg.ch,167
unternehmen.com,167
unverpackt-baselland.ch,167
urecoproperty.com,41
urgo.de,25
urozentrum-beo.ch,167
usainsuranceco.net,22
uzzalabioenergy.com,167
valhallaflwr.com,167
valli-strassenbau.ch,167
valueplus.ch,167
vazbareinigungtransport.ch,167
velocityins.net,22
velometzg.ch,167
veradent.de,18
veradent.de,125
verlagskv.ch,167
vic.at,153
victoriaclean.ch,167
victoryautomotivegroup.com,77
vilcolabs.com,167
vippermanent.ch,167
virtualdiscovery.net,167
viscon-treuhand.ch,32
viscon-treuhand.ch,145
vivasaudecorretora.com.br,30
vkbroker.it,22
voegtle-steuerberater.de,32
voegtle-steuerberater.de,153
voicelan.ch,167
vs-stb.de,32
vs-stb.de,153
waelti-homes.ch,167
waldhaus-noschkowitz.de,18
waldhaus-noschkowitz.de,179
wandaclarke.ch,167
wassmannag.ch,167
wbg-wittnau.ch,167
webemotions.ch,167
weber-liestal.ch,167
webersannarbor.com,34
webersannarbor.com,87
webtie.ch,167
weise-zaehne.com,18
weise-zaehne.com,125
wenger-dach.ch,167
werbeakt.ch,167
wicom.com,167
wiegmaninsurance.com,22
wilhelmsburg-zahnarzt.de,18
wilhelmsburg-zahnarzt.de,125
williamoptics.com,37
williamoptics.com,121
wippenham.riskommunal.net,32
wippenham.riskommunal.net,153
wir-steuerberater.de,32
wir-steuerberater.de,153
wohnen-muehle.ch,167
wrapfamily.ch,167
wytor.ch,167
xeediapharma.com,167
xer-tech.com,167
yaseminmedika.com,25
yikousushitea.com,167
yoisungroup.com,25
zahnaerzte-gmuend.de,18
zahnaerzte-gmuend.de,125
zahnaerzte-huesmann.de,18
zahnaerzte-huesmann.de,125
zahnaerzteteam-wemding.de,18
zahnaerzteteam-wemding.de,125
zahnaerzte-wiblingen.de,18
zahnaerzte-wiblingen.de,125
zahnaerztin-bensheim.de,18
zahnaerztin-bensheim.de,125
zahnaerztin-kirchhellen.de,18
zahnaerztin-kirchhellen.de,125
zahnaerztinnen-hh.de,18
zahnaerztinnen-hh.de,125
zahnaerztin-weissmann.de,18
zahnaerztin-weissmann.de,125
zahnarzt-boellinger.de,18
zahnarzt-boellinger.de,125
zahnarzt-breul.de,18
zahnarzt-breul.de,125
zahnarzt-buechenbach.de,18
zahnarzt-buechenbach.de,125
zahnarzt-burglengenfeld.de,18
zahnarzt-burglengenfeld.de,125
zahnarzt-darmsheim-sindelfingen.de,18
zahnarzt-darmsheim-sindelfingen.de,125
zahnarzt-dr.-gaertner.de,18
zahnarzt-dr.-gaertner.de,125
zahnarzt-gebhart.de,18
zahnarzt-gebhart.de,125
zahnarzt-gevelsberg.com,18
zahnarzt-gevelsberg.com,125
zahnarzt-grabow.de,18
zahnarzt-grabow.de,125
zahnarzt-hrdina.de,18
zahnarzt-hrdina.de,125
zahnarzt-hulbert.de,18
zahnarzt-hulbert.de,125
zahnarzt-in-aub.de,18
zahnarzt-in-aub.de,125
zahnarztjena.de,18
zahnarztjena.de,125
zahnarzt-kaltenhaeuser.de,18
zahnarzt-kaltenhaeuser.de,125
zahnarzt-knochenmuss.de,18
zahnarzt-knochenmuss.de,125
zahnarzt-laussig.de,18
zahnarzt-laussig.de,125
zahnarzt-niederntudorf.de,18
zahnarzt-niederntudorf.de,125
zahnarztobereschbach.de,18
zahnarztobereschbach.de,125
zahnarztpraxis-brackenheim.de,18
zahnarztpraxis-brackenheim.de,125
zahnarztpraxis-hohenlohe.de,18
zahnarztpraxis-hohenlohe.de,125
zahnarztpraxis-kurfuerst.de,18
zahnarztpraxis-kurfuerst.de,125
zahnarztpraxis-quadra.ch,167
zahnarztpraxis-sommer-pham.de,18
zahnarztpraxis-sommer-pham.de,125
zahnarztpraxis-wenzel-dahlen.de,18
zahnarztpraxis-wenzel-dahlen.de,125
zahnarztpraxis-wollgramm.de,18
zahnarztpraxis-wollgramm.de,125
zahnarztpraxis-zirndorf.de,18
zahnarztpraxis-zirndorf.de,125
zahnarzt-seestrasse.de,18
zahnarzt-seestrasse.de,125
zahnarzt-stockstadt.de,18
zahnarzt-stockstadt.de,125
zahn-doc-weimer.de,18
zahn-doc-weimer.de,125
zahneins.com,18
zahneins.com,124
zahneins.com,125
zahnerhaltung-gunkel.de,18
zahnerhaltung-gunkel.de,125
zahnmedizin-welzheim.de,18
zahnmedizin-welzheim.de,125
zahnzentrum-limbach.de,18
zahnzentrum-limbach.de,125
zanuco-treuhand.ch,32
zanuco-treuhand.ch,145
zap-wahl.de,18
zap-wahl.de,125
zaun.ch,167
zellani.ch,167
zellevenlifescience.com,167
zham-homecare.ch,167
zingg-ag.ch,167
ziraketan.com,25
ziraketan.com,214
zjky-bio.com,25
zjky-bio.com,214
zober.com,214
zuerich-massage.com,167
zurunterensaege.ch,167
zytovision.com,167
